<Anims>
 <anim name="anim" root="dummy" numframes="100" framerate="40">
  <frame idx="0" w="341" h="734" x="-36.309521" y="-351.444427">
   <element name="dummy" layername="dummy-2" frame="2" z_index="26" m_a="1.000000" m_b="0.000000" m_c="0.000000" m_d="1.000000" m_tx="0.000000" m_ty="0.000000"/>
   <element name="dummy" layername="dummy" frame="1" z_index="25" m_a="1.000000" m_b="0.000000" m_c="0.000000" m_d="1.000000" m_tx="0.000000" m_ty="-48.000000"/>
   <element name="dummy" layername="dummy-3" frame="3" z_index="27" m_a="0.789447" m_b="0.000000" m_c="0.000000" m_d="1.000000" m_tx="1.000000" m_ty="-103.000000"/>
   <element name="dummy" layername="dummy" frame="0" z_index="23" m_a="0.997940" m_b="-0.064153" m_c="0.064153" m_d="0.997940" m_tx="-0.751880" m_ty="-116.541351"/>
   <element name="swap_body" layername="swap_body" frame="0" z_index="24" m_a="1.000000" m_b="0.000000" m_c="0.000000" m_d="1.000000" m_tx="-0.970874" m_ty="-45.631069"/>
   <element name="swap_hat" layername="swap_hat" frame="0" z_index="22" m_a="1.000000" m_b="0.000000" m_c="0.000000" m_d="1.000000" m_tx="1.189868" m_ty="-115.570473"/>
   <element name="swap_object" layername="swap_object" frame="0" z_index="28" m_a="1.000000" m_b="0.000000" m_c="0.000000" m_d="1.000000" m_tx="83.495148" m_ty="-102.912621"/>
  </frame>
  <frame idx="25" w="341" h="734" x="-36.309521" y="-351.444427">
   <element name="dummy" layername="dummy-2" frame="2" z_index="26" m_a="1.000000" m_b="0.000000" m_c="0.000000" m_d="1.000000" m_tx="0.000000" m_ty="0.000000"/>
   <element name="dummy" layername="dummy" frame="1" z_index="25" m_a="1.000000" m_b="0.000000" m_c="0.000000" m_d="1.000000" m_tx="0.000000" m_ty="-48.000000"/>
   <element name="dummy" layername="dummy-3" frame="3" z_index="27" m_a="0.789447" m_b="0.000000" m_c="0.000000" m_d="1.000000" m_tx="1.000000" m_ty="-103.000000"/>
   <element name="dummy" layername="dummy" frame="0" z_index="23" m_a="0.997940" m_b="-0.064153" m_c="0.064153" m_d="0.997940" m_tx="-0.751880" m_ty="-116.541351"/>
   <element name="swap_body" layername="swap_body" frame="0" z_index="24" m_a="1.000000" m_b="0.000000" m_c="0.000000" m_d="1.000000" m_tx="-0.970874" m_ty="-45.631069"/>
   <element name="swap_hat" layername="swap_hat" frame="0" z_index="22" m_a="1.000000" m_b="0.000000" m_c="0.000000" m_d="1.000000" m_tx="1.189868" m_ty="-115.570473"/>
   <element name="swap_object" layername="swap_object" frame="0" z_index="28" m_a="1.000000" m_b="0.000000" m_c="0.000000" m_d="1.000000" m_tx="83.495148" m_ty="-102.912621"/>
  </frame>
  <frame idx="50" w="341" h="734" x="-36.309521" y="-351.444427">
   <element name="dummy" layername="dummy-2" frame="2" z_index="26" m_a="1.000000" m_b="0.000000" m_c="0.000000" m_d="1.000000" m_tx="0.000000" m_ty="0.000000"/>
   <element name="dummy" layername="dummy" frame="1" z_index="25" m_a="1.000000" m_b="0.000000" m_c="0.000000" m_d="1.000000" m_tx="0.000000" m_ty="-48.000000"/>
   <element name="dummy" layername="dummy-3" frame="3" z_index="27" m_a="0.789447" m_b="0.000000" m_c="0.000000" m_d="1.000000" m_tx="1.000000" m_ty="-103.000000"/>
   <element name="dummy" layername="dummy" frame="0" z_index="23" m_a="0.997940" m_b="-0.064153" m_c="0.064153" m_d="0.997940" m_tx="-0.751880" m_ty="-116.541351"/>
   <element name="swap_body" layername="swap_body" frame="0" z_index="24" m_a="1.000000" m_b="0.000000" m_c="0.000000" m_d="1.000000" m_tx="-0.970874" m_ty="-45.631069"/>
   <element name="swap_hat" layername="swap_hat" frame="0" z_index="22" m_a="1.000000" m_b="0.000000" m_c="0.000000" m_d="1.000000" m_tx="1.189868" m_ty="-115.570473"/>
   <element name="swap_object" layername="swap_object" frame="0" z_index="28" m_a="1.000000" m_b="0.000000" m_c="0.000000" m_d="1.000000" m_tx="83.495148" m_ty="-102.912621"/>
  </frame>
  <frame idx="75" w="341" h="734" x="-36.309521" y="-351.444427">
   <element name="dummy" layername="dummy-2" frame="2" z_index="26" m_a="1.000000" m_b="0.000000" m_c="0.000000" m_d="1.000000" m_tx="0.000000" m_ty="0.000000"/>
   <element name="dummy" layername="dummy" frame="1" z_index="25" m_a="1.000000" m_b="0.000000" m_c="0.000000" m_d="1.000000" m_tx="0.000000" m_ty="-48.000000"/>
   <element name="dummy" layername="dummy-3" frame="3" z_index="27" m_a="0.789447" m_b="0.000000" m_c="0.000000" m_d="1.000000" m_tx="1.000000" m_ty="-103.000000"/>
   <element name="dummy" layername="dummy" frame="0" z_index="23" m_a="0.997940" m_b="-0.064153" m_c="0.064153" m_d="0.997940" m_tx="-0.751880" m_ty="-116.541351"/>
   <element name="swap_body" layername="swap_body" frame="0" z_index="24" m_a="1.000000" m_b="0.000000" m_c="0.000000" m_d="1.000000" m_tx="-0.970874" m_ty="-45.631069"/>
   <element name="swap_hat" layername="swap_hat" frame="0" z_index="22" m_a="1.000000" m_b="0.000000" m_c="0.000000" m_d="1.000000" m_tx="1.189868" m_ty="-115.570473"/>
   <element name="swap_object" layername="swap_object" frame="0" z_index="28" m_a="1.000000" m_b="0.000000" m_c="0.000000" m_d="1.000000" m_tx="83.495148" m_ty="-102.912621"/>
  </frame>
 </anim>
 <anim name="idle" root="dummy" numframes="100" framerate="40">
  <frame idx="0" w="341" h="734" x="-36.309521" y="-351.444427">
   <element name="dummy" layername="dummy-2" frame="2" z_index="26" m_a="1.000000" m_b="0.000000" m_c="0.000000" m_d="1.000000" m_tx="0.000000" m_ty="0.000000"/>
   <element name="dummy" layername="dummy" frame="1" z_index="25" m_a="1.000000" m_b="0.000000" m_c="0.000000" m_d="1.000000" m_tx="0.000000" m_ty="-48.000000"/>
   <element name="dummy" layername="dummy-3" frame="3" z_index="27" m_a="0.789447" m_b="0.000000" m_c="0.000000" m_d="1.000000" m_tx="1.000000" m_ty="-103.000000"/>
   <element name="dummy" layername="dummy" frame="0" z_index="23" m_a="0.997940" m_b="-0.064153" m_c="0.064153" m_d="0.997940" m_tx="-0.751880" m_ty="-116.541351"/>
   <element name="swap_body" layername="swap_body" frame="0" z_index="24" m_a="1.000000" m_b="0.000000" m_c="0.000000" m_d="1.000000" m_tx="-0.970874" m_ty="-45.631069"/>
   <element name="swap_hat" layername="swap_hat" frame="0" z_index="22" m_a="1.000000" m_b="0.000000" m_c="0.000000" m_d="1.000000" m_tx="1.189868" m_ty="-115.570473"/>
   <element name="swap_object" layername="swap_object" frame="0" z_index="28" m_a="1.000000" m_b="0.000000" m_c="0.000000" m_d="1.000000" m_tx="83.495148" m_ty="-102.912621"/>
  </frame>
  <frame idx="25" w="341" h="734" x="-36.309521" y="-351.444427">
   <element name="dummy" layername="dummy-2" frame="2" z_index="26" m_a="1.000000" m_b="0.000000" m_c="0.000000" m_d="1.000000" m_tx="0.000000" m_ty="0.000000"/>
   <element name="dummy" layername="dummy" frame="1" z_index="25" m_a="1.000000" m_b="0.000000" m_c="0.000000" m_d="1.000000" m_tx="0.000000" m_ty="-48.000000"/>
   <element name="dummy" layername="dummy-3" frame="3" z_index="27" m_a="0.789447" m_b="0.000000" m_c="0.000000" m_d="1.000000" m_tx="1.000000" m_ty="-103.000000"/>
   <element name="dummy" layername="dummy" frame="0" z_index="23" m_a="0.997940" m_b="-0.064153" m_c="0.064153" m_d="0.997940" m_tx="-0.751880" m_ty="-116.541351"/>
   <element name="swap_body" layername="swap_body" frame="0" z_index="24" m_a="1.000000" m_b="0.000000" m_c="0.000000" m_d="1.000000" m_tx="-0.970874" m_ty="-45.631069"/>
   <element name="swap_hat" layername="swap_hat" frame="0" z_index="22" m_a="1.000000" m_b="0.000000" m_c="0.000000" m_d="1.000000" m_tx="1.189868" m_ty="-115.570473"/>
   <element name="swap_object" layername="swap_object" frame="0" z_index="28" m_a="1.000000" m_b="0.000000" m_c="0.000000" m_d="1.000000" m_tx="83.495148" m_ty="-102.912621"/>
  </frame>
  <frame idx="50" w="341" h="734" x="-36.309521" y="-351.444427">
   <element name="dummy" layername="dummy-2" frame="2" z_index="26" m_a="1.000000" m_b="0.000000" m_c="0.000000" m_d="1.000000" m_tx="0.000000" m_ty="0.000000"/>
   <element name="dummy" layername="dummy" frame="1" z_index="25" m_a="1.000000" m_b="0.000000" m_c="0.000000" m_d="1.000000" m_tx="0.000000" m_ty="-48.000000"/>
   <element name="dummy" layername="dummy-3" frame="3" z_index="27" m_a="0.789447" m_b="0.000000" m_c="0.000000" m_d="1.000000" m_tx="1.000000" m_ty="-103.000000"/>
   <element name="dummy" layername="dummy" frame="0" z_index="23" m_a="0.997940" m_b="-0.064153" m_c="0.064153" m_d="0.997940" m_tx="-0.751880" m_ty="-116.541351"/>
   <element name="swap_body" layername="swap_body" frame="0" z_index="24" m_a="1.000000" m_b="0.000000" m_c="0.000000" m_d="1.000000" m_tx="-0.970874" m_ty="-45.631069"/>
   <element name="swap_hat" layername="swap_hat" frame="0" z_index="22" m_a="1.000000" m_b="0.000000" m_c="0.000000" m_d="1.000000" m_tx="1.189868" m_ty="-115.570473"/>
   <element name="swap_object" layername="swap_object" frame="0" z_index="28" m_a="1.000000" m_b="0.000000" m_c="0.000000" m_d="1.000000" m_tx="83.495148" m_ty="-102.912621"/>
  </frame>
  <frame idx="75" w="341" h="734" x="-36.309521" y="-351.444427">
   <element name="dummy" layername="dummy-2" frame="2" z_index="26" m_a="1.000000" m_b="0.000000" m_c="0.000000" m_d="1.000000" m_tx="0.000000" m_ty="0.000000"/>
   <element name="dummy" layername="dummy" frame="1" z_index="25" m_a="1.000000" m_b="0.000000" m_c="0.000000" m_d="1.000000" m_tx="0.000000" m_ty="-48.000000"/>
   <element name="dummy" layername="dummy-3" frame="3" z_index="27" m_a="0.789447" m_b="0.000000" m_c="0.000000" m_d="1.000000" m_tx="1.000000" m_ty="-103.000000"/>
   <element name="dummy" layername="dummy" frame="0" z_index="23" m_a="0.997940" m_b="-0.064153" m_c="0.064153" m_d="0.997940" m_tx="-0.751880" m_ty="-116.541351"/>
   <element name="swap_body" layername="swap_body" frame="0" z_index="24" m_a="1.000000" m_b="0.000000" m_c="0.000000" m_d="1.000000" m_tx="-0.970874" m_ty="-45.631069"/>
   <element name="swap_hat" layername="swap_hat" frame="0" z_index="22" m_a="1.000000" m_b="0.000000" m_c="0.000000" m_d="1.000000" m_tx="1.189868" m_ty="-115.570473"/>
   <element name="swap_object" layername="swap_object" frame="0" z_index="28" m_a="1.000000" m_b="0.000000" m_c="0.000000" m_d="1.000000" m_tx="83.495148" m_ty="-102.912621"/>
  </frame>
 </anim>
 <anim name="hit" root="dummy" numframes="200" framerate="40">
  <frame idx="0" w="341" h="734" x="-36.309521" y="-351.444427">
   <element name="dummy" layername="dummy-2" frame="2" z_index="26" m_a="1.000000" m_b="0.000000" m_c="0.000000" m_d="1.000000" m_tx="0.000000" m_ty="0.000000"/>
   <element name="dummy" layername="dummy" frame="1" z_index="25" m_a="1.000000" m_b="0.000000" m_c="0.000000" m_d="1.000000" m_tx="0.000000" m_ty="-48.000000"/>
   <element name="dummy" layername="dummy-3" frame="3" z_index="27" m_a="0.789447" m_b="0.000000" m_c="0.000000" m_d="1.000000" m_tx="1.000000" m_ty="-103.000000"/>
   <element name="dummy" layername="dummy" frame="0" z_index="23" m_a="0.997940" m_b="-0.064153" m_c="0.064153" m_d="0.997940" m_tx="-0.751880" m_ty="-116.541351"/>
   <element name="swap_body" layername="swap_body" frame="0" z_index="24" m_a="1.000000" m_b="0.000000" m_c="0.000000" m_d="1.000000" m_tx="-0.970874" m_ty="-45.631069"/>
   <element name="swap_hat" layername="swap_hat" frame="0" z_index="22" m_a="1.000000" m_b="0.000000" m_c="0.000000" m_d="1.000000" m_tx="1.189868" m_ty="-115.570473"/>
   <element name="swap_object" layername="swap_object" frame="0" z_index="28" m_a="1.000000" m_b="0.000000" m_c="0.000000" m_d="1.000000" m_tx="83.495148" m_ty="-102.912621"/>
  </frame>
  <frame idx="25" w="340" h="736" x="-34.562855" y="-351.484100">
   <element name="dummy" layername="dummy-2" frame="2" z_index="26" m_a="0.999982" m_b="0.006024" m_c="-0.006024" m_d="0.999982" m_tx="0.000000" m_ty="0.000000"/>
   <element name="dummy" layername="dummy" frame="1" z_index="25" m_a="0.999982" m_b="0.006024" m_c="-0.006024" m_d="0.999982" m_tx="0.289135" m_ty="-47.998260"/>
   <element name="dummy" layername="dummy-3" frame="3" z_index="27" m_a="0.789433" m_b="0.004755" m_c="-0.006024" m_d="0.999982" m_tx="1.620401" m_ty="-102.990234"/>
   <element name="dummy" layername="dummy" frame="0" z_index="23" m_a="0.998308" m_b="-0.058141" m_c="0.058141" m_d="0.998308" m_tx="-0.049847" m_ty="-116.541656"/>
   <element name="swap_body" layername="swap_body" frame="0" z_index="24" m_a="0.999982" m_b="0.006024" m_c="-0.006024" m_d="0.999982" m_tx="-0.695973" m_ty="-45.635262"/>
   <element name="swap_hat" layername="swap_hat" frame="0" z_index="22" m_a="0.999982" m_b="0.006024" m_c="-0.006024" m_d="0.999982" m_tx="1.885982" m_ty="-115.559113"/>
   <element name="swap_object" layername="swap_object" frame="0" z_index="28" m_a="0.999982" m_b="0.006024" m_c="-0.006024" m_d="0.999982" m_tx="84.112030" m_ty="-102.405945"/>
  </frame>
  <frame idx="50" w="339" h="738" x="-32.815903" y="-351.517456">
   <element name="dummy" layername="dummy-2" frame="2" z_index="26" m_a="0.999927" m_b="0.012047" m_c="-0.012047" m_d="0.999927" m_tx="0.000000" m_ty="0.000000"/>
   <element name="dummy" layername="dummy" frame="1" z_index="25" m_a="0.999927" m_b="0.012047" m_c="-0.012047" m_d="0.999927" m_tx="0.578271" m_ty="-47.996517"/>
   <element name="dummy" layername="dummy-3" frame="3" z_index="27" m_a="0.789390" m_b="0.009511" m_c="-0.012047" m_d="0.999927" m_tx="2.240801" m_ty="-102.980476"/>
   <element name="dummy" layername="dummy" frame="0" z_index="23" m_a="0.998641" m_b="-0.052126" m_c="0.052126" m_d="0.998641" m_tx="0.652185" m_ty="-116.541954"/>
   <element name="swap_body" layername="swap_body" frame="0" z_index="24" m_a="0.999927" m_b="0.012047" m_c="-0.012047" m_d="0.999927" m_tx="-0.421072" m_ty="-45.639454"/>
   <element name="swap_hat" layername="swap_hat" frame="0" z_index="22" m_a="0.999927" m_b="0.012047" m_c="-0.012047" m_d="0.999927" m_tx="2.582096" m_ty="-115.547752"/>
   <element name="swap_object" layername="swap_object" frame="0" z_index="28" m_a="0.999927" m_b="0.012047" m_c="-0.012047" m_d="0.999927" m_tx="84.728905" m_ty="-101.899261"/>
  </frame>
  <frame idx="75" w="339" h="737" x="-32.815903" y="-351.517456">
   <element name="dummy" layername="dummy-2" frame="2" z_index="26" m_a="0.999950" m_b="0.010039" m_c="-0.010039" m_d="0.999950" m_tx="0.000000" m_ty="0.000000"/>
   <element name="dummy" layername="dummy" frame="1" z_index="25" m_a="0.999950" m_b="0.010039" m_c="-0.010039" m_d="0.999950" m_tx="0.481892" m_ty="-47.997097"/>
   <element name="dummy" layername="dummy-3" frame="3" z_index="27" m_a="0.789407" m_b="0.007926" m_c="-0.010039" m_d="0.999950" m_tx="2.034001" m_ty="-102.983734"/>
   <element name="dummy" layername="dummy" frame="0" z_index="23" m_a="0.998641" m_b="-0.052126" m_c="0.052126" m_d="0.998641" m_tx="0.652185" m_ty="-116.541954"/>
   <element name="swap_body" layername="swap_body" frame="0" z_index="24" m_a="0.999950" m_b="0.010039" m_c="-0.010039" m_d="0.999950" m_tx="-0.512706" m_ty="-45.638058"/>
   <element name="swap_hat" layername="swap_hat" frame="0" z_index="22" m_a="0.999927" m_b="0.012047" m_c="-0.012047" m_d="0.999927" m_tx="2.582096" m_ty="-115.547752"/>
   <element name="swap_object" layername="swap_object" frame="0" z_index="28" m_a="0.999950" m_b="0.010039" m_c="-0.010039" m_d="0.999950" m_tx="84.523277" m_ty="-102.068153"/>
  </frame>
  <frame idx="100" w="339" h="737" x="-32.815903" y="-351.517456">
   <element name="dummy" layername="dummy-2" frame="2" z_index="26" m_a="0.999968" m_b="0.008031" m_c="-0.008031" m_d="0.999968" m_tx="0.000000" m_ty="0.000000"/>
   <element name="dummy" layername="dummy" frame="1" z_index="25" m_a="0.999968" m_b="0.008031" m_c="-0.008031" m_d="0.999968" m_tx="0.385514" m_ty="-47.997677"/>
   <element name="dummy" layername="dummy-3" frame="3" z_index="27" m_a="0.789422" m_b="0.006340" m_c="-0.008031" m_d="0.999968" m_tx="1.827201" m_ty="-102.986984"/>
   <element name="dummy" layername="dummy" frame="0" z_index="23" m_a="0.998641" m_b="-0.052126" m_c="0.052126" m_d="0.998641" m_tx="0.652185" m_ty="-116.541954"/>
   <element name="swap_body" layername="swap_body" frame="0" z_index="24" m_a="0.999968" m_b="0.008031" m_c="-0.008031" m_d="0.999968" m_tx="-0.604339" m_ty="-45.636658"/>
   <element name="swap_hat" layername="swap_hat" frame="0" z_index="22" m_a="0.999927" m_b="0.012047" m_c="-0.012047" m_d="0.999927" m_tx="2.582096" m_ty="-115.547752"/>
   <element name="swap_object" layername="swap_object" frame="0" z_index="28" m_a="0.999968" m_b="0.008031" m_c="-0.008031" m_d="0.999968" m_tx="84.317650" m_ty="-102.237045"/>
  </frame>
  <frame idx="125" w="340" h="736" x="-33.689465" y="-351.501587">
   <element name="dummy" layername="dummy-2" frame="2" z_index="26" m_a="0.999982" m_b="0.006024" m_c="-0.006024" m_d="0.999982" m_tx="0.000000" m_ty="0.000000"/>
   <element name="dummy" layername="dummy" frame="1" z_index="25" m_a="0.999982" m_b="0.006024" m_c="-0.006024" m_d="0.999982" m_tx="0.289135" m_ty="-47.998260"/>
   <element name="dummy" layername="dummy-3" frame="3" z_index="27" m_a="0.789433" m_b="0.004755" m_c="-0.006024" m_d="0.999982" m_tx="1.620401" m_ty="-102.990234"/>
   <element name="dummy" layername="dummy" frame="0" z_index="23" m_a="0.998479" m_b="-0.055134" m_c="0.055134" m_d="0.998479" m_tx="0.301169" m_ty="-116.541801"/>
   <element name="swap_body" layername="swap_body" frame="0" z_index="24" m_a="0.999982" m_b="0.006024" m_c="-0.006024" m_d="0.999982" m_tx="-0.695973" m_ty="-45.635262"/>
   <element name="swap_hat" layername="swap_hat" frame="0" z_index="22" m_a="0.999959" m_b="0.009035" m_c="-0.009035" m_d="0.999959" m_tx="2.234039" m_ty="-115.553436"/>
   <element name="swap_object" layername="swap_object" frame="0" z_index="28" m_a="0.999982" m_b="0.006024" m_c="-0.006024" m_d="0.999982" m_tx="84.112030" m_ty="-102.405945"/>
  </frame>
  <frame idx="150" w="340" h="736" x="-34.562874" y="-351.484100">
   <element name="dummy" layername="dummy-2" frame="2" z_index="26" m_a="0.999992" m_b="0.004016" m_c="-0.004016" m_d="0.999992" m_tx="0.000000" m_ty="0.000000"/>
   <element name="dummy" layername="dummy" frame="1" z_index="25" m_a="0.999992" m_b="0.004016" m_c="-0.004016" m_d="0.999992" m_tx="0.192757" m_ty="-47.998840"/>
   <element name="dummy" layername="dummy-3" frame="3" z_index="27" m_a="0.789441" m_b="0.003170" m_c="-0.004016" m_d="0.999992" m_tx="1.413600" m_ty="-102.993492"/>
   <element name="dummy" layername="dummy" frame="0" z_index="23" m_a="0.998308" m_b="-0.058141" m_c="0.058141" m_d="0.998308" m_tx="-0.049847" m_ty="-116.541656"/>
   <element name="swap_body" layername="swap_body" frame="0" z_index="24" m_a="0.999992" m_b="0.004016" m_c="-0.004016" m_d="0.999992" m_tx="-0.787607" m_ty="-45.633865"/>
   <element name="swap_hat" layername="swap_hat" frame="0" z_index="22" m_a="0.999982" m_b="0.006024" m_c="-0.006024" m_d="0.999982" m_tx="1.885982" m_ty="-115.559113"/>
   <element name="swap_object" layername="swap_object" frame="0" z_index="28" m_a="0.999992" m_b="0.004016" m_c="-0.004016" m_d="0.999992" m_tx="83.906403" m_ty="-102.574837"/>
  </frame>
  <frame idx="175" w="341" h="735" x="-35.436211" y="-351.465057">
   <element name="dummy" layername="dummy-2" frame="2" z_index="26" m_a="0.999998" m_b="0.002008" m_c="-0.002008" m_d="0.999998" m_tx="0.000000" m_ty="0.000000"/>
   <element name="dummy" layername="dummy" frame="1" z_index="25" m_a="0.999998" m_b="0.002008" m_c="-0.002008" m_d="0.999998" m_tx="0.096379" m_ty="-47.999420"/>
   <element name="dummy" layername="dummy-3" frame="3" z_index="27" m_a="0.789445" m_b="0.001585" m_c="-0.002008" m_d="0.999998" m_tx="1.206800" m_ty="-102.996742"/>
   <element name="dummy" layername="dummy" frame="0" z_index="23" m_a="0.998129" m_b="-0.061147" m_c="0.061147" m_d="0.998129" m_tx="-0.400864" m_ty="-116.541504"/>
   <element name="swap_body" layername="swap_body" frame="0" z_index="24" m_a="0.999998" m_b="0.002008" m_c="-0.002008" m_d="0.999998" m_tx="-0.879240" m_ty="-45.632465"/>
   <element name="swap_hat" layername="swap_hat" frame="0" z_index="22" m_a="0.999995" m_b="0.003012" m_c="-0.003012" m_d="0.999995" m_tx="1.537925" m_ty="-115.564789"/>
   <element name="swap_object" layername="swap_object" frame="0" z_index="28" m_a="0.999998" m_b="0.002008" m_c="-0.002008" m_d="0.999998" m_tx="83.700775" m_ty="-102.743729"/>
  </frame>
 </anim>
 <anim name="place" root="dummy" numframes="500" framerate="40">
  <frame idx="0" w="55" h="248" x="-4.648946" y="-94.116409">
   <element name="dummy" layername="dummy-2" frame="2" z_index="28" m_a="0.351031" m_b="0.000000" m_c="0.000000" m_d="1.278966" m_tx="0.000000" m_ty="-44.339622"/>
  </frame>
  <frame idx="25" w="111" h="197" x="-8.775952" y="-63.885109">
   <element name="dummy" layername="dummy-2" frame="2" z_index="28" m_a="0.724001" m_b="0.000000" m_c="0.000000" m_d="1.120678" m_tx="0.000000" m_ty="-22.169811"/>
  </frame>
  <frame idx="50" w="167" h="147" x="-12.902958" y="-34.153816">
   <element name="dummy" layername="dummy-2" frame="2" z_index="28" m_a="1.096971" m_b="0.000000" m_c="0.000000" m_d="0.962390" m_tx="0.000000" m_ty="0.000000"/>
  </frame>
  <frame idx="75" w="160" h="149" x="-12.444766" y="-34.518631">
   <element name="dummy" layername="dummy-2" frame="2" z_index="28" m_a="1.055166" m_b="0.000000" m_c="0.000000" m_d="0.978604" m_tx="0.000000" m_ty="0.000000"/>
  </frame>
  <frame idx="100" w="155" h="304" x="-12.330330" y="-174.286270">
   <element name="dummy" layername="dummy-2" frame="2" z_index="28" m_a="1.013360" m_b="0.000000" m_c="0.000000" m_d="0.994818" m_tx="0.000000" m_ty="0.000000"/>
   <element name="dummy" layername="dummy" frame="1" z_index="27" m_a="0.372043" m_b="0.000000" m_c="0.000000" m_d="0.378819" m_tx="0.361207" m_ty="-133.849060"/>
   <element name="swap_body" layername="swap_body" frame="0" z_index="26" m_a="0.372043" m_b="0.000000" m_c="0.000000" m_d="0.378819" m_tx="0.000000" m_ty="-132.951660"/>
  </frame>
  <frame idx="125" w="154" h="267" x="-12.250612" y="-140.608643">
   <element name="dummy" layername="dummy-2" frame="2" z_index="28" m_a="1.012525" m_b="0.000000" m_c="0.000000" m_d="0.995142" m_tx="0.000000" m_ty="0.000000"/>
   <element name="dummy" layername="dummy" frame="1" z_index="27" m_a="0.686022" m_b="0.000000" m_c="0.000000" m_d="0.689409" m_tx="0.180604" m_ty="-90.924530"/>
   <element name="swap_body" layername="swap_body" frame="0" z_index="26" m_a="0.686022" m_b="0.000000" m_c="0.000000" m_d="0.689409" m_tx="-0.485437" m_ty="-89.291367"/>
  </frame>
  <frame idx="150" w="154" h="261" x="-12.170894" y="-109.431000">
   <element name="dummy" layername="dummy-2" frame="2" z_index="28" m_a="1.011690" m_b="0.000000" m_c="0.000000" m_d="0.995466" m_tx="0.000000" m_ty="0.000000"/>
   <element name="dummy" layername="dummy" frame="1" z_index="27" m_a="1.000000" m_b="0.000000" m_c="0.000000" m_d="1.000000" m_tx="0.000000" m_ty="-48.000000"/>
   <element name="swap_body" layername="swap_body" frame="0" z_index="26" m_a="1.000000" m_b="0.000000" m_c="0.000000" m_d="1.000000" m_tx="-0.970874" m_ty="-45.631069"/>
  </frame>
  <frame idx="175" w="154" h="245" x="-12.122752" y="-104.803871">
   <element name="dummy" layername="dummy-2" frame="2" z_index="28" m_a="1.010855" m_b="0.000000" m_c="0.000000" m_d="0.995790" m_tx="0.000000" m_ty="0.000000"/>
   <element name="dummy" layername="dummy" frame="1" z_index="27" m_a="1.058065" m_b="0.000000" m_c="0.000000" m_d="0.920694" m_tx="0.000000" m_ty="-48.000000"/>
   <element name="swap_body" layername="swap_body" frame="0" z_index="26" m_a="1.058065" m_b="0.000000" m_c="0.000000" m_d="0.920694" m_tx="-1.027248" m_ty="-45.818939"/>
  </frame>
  <frame idx="200" w="154" h="229" x="-12.074610" y="-100.676727">
   <element name="dummy" layername="dummy-2" frame="2" z_index="28" m_a="1.010020" m_b="0.000000" m_c="0.000000" m_d="0.996113" m_tx="0.000000" m_ty="0.000000"/>
   <element name="dummy" layername="dummy" frame="1" z_index="27" m_a="1.116130" m_b="0.000000" m_c="0.000000" m_d="0.841387" m_tx="0.000000" m_ty="-48.000000"/>
   <element name="swap_body" layername="swap_body" frame="0" z_index="26" m_a="1.116130" m_b="0.000000" m_c="0.000000" m_d="0.841387" m_tx="-1.083622" m_ty="-46.006809"/>
  </frame>
  <frame idx="225" w="154" h="245" x="-12.122752" y="-104.803871">
   <element name="dummy" layername="dummy-2" frame="2" z_index="28" m_a="1.009185" m_b="0.000000" m_c="0.000000" m_d="0.996437" m_tx="0.000000" m_ty="0.000000"/>
   <element name="dummy" layername="dummy" frame="1" z_index="27" m_a="1.058065" m_b="0.000000" m_c="0.000000" m_d="0.920694" m_tx="0.000000" m_ty="-48.000000"/>
   <element name="swap_body" layername="swap_body" frame="0" z_index="26" m_a="1.058065" m_b="0.000000" m_c="0.000000" m_d="0.920694" m_tx="-1.027248" m_ty="-45.818939"/>
  </frame>
  <frame idx="250" w="154" h="261" x="-12.170894" y="-109.431000">
   <element name="dummy" layername="dummy-2" frame="2" z_index="28" m_a="1.008350" m_b="0.000000" m_c="0.000000" m_d="0.996761" m_tx="0.000000" m_ty="0.000000"/>
   <element name="dummy" layername="dummy" frame="1" z_index="27" m_a="1.000000" m_b="0.000000" m_c="0.000000" m_d="1.000000" m_tx="0.000000" m_ty="-48.000000"/>
   <element name="swap_body" layername="swap_body" frame="0" z_index="26" m_a="1.000000" m_b="0.000000" m_c="0.000000" m_d="1.000000" m_tx="-0.970874" m_ty="-45.631069"/>
  </frame>
  <frame idx="275" w="154" h="261" x="-12.170894" y="-109.431000">
   <element name="dummy" layername="dummy-2" frame="2" z_index="28" m_a="1.007515" m_b="0.000000" m_c="0.000000" m_d="0.997085" m_tx="0.000000" m_ty="0.000000"/>
   <element name="dummy" layername="dummy" frame="1" z_index="27" m_a="1.000000" m_b="0.000000" m_c="0.000000" m_d="1.000000" m_tx="0.000000" m_ty="-48.000000"/>
   <element name="swap_body" layername="swap_body" frame="0" z_index="26" m_a="1.000000" m_b="0.000000" m_c="0.000000" m_d="1.000000" m_tx="-0.970874" m_ty="-45.631069"/>
  </frame>
  <frame idx="300" w="244" h="684" x="-25.536163" y="-469.344513">
   <element name="dummy" layername="dummy-2" frame="2" z_index="28" m_a="1.006680" m_b="0.000000" m_c="0.000000" m_d="0.997409" m_tx="0.000000" m_ty="0.000000"/>
   <element name="dummy" layername="dummy" frame="1" z_index="25" m_a="1.000000" m_b="0.000000" m_c="0.000000" m_d="1.000000" m_tx="0.000000" m_ty="-48.000000"/>
   <element name="dummy" layername="dummy-3" frame="3" z_index="27" m_a="0.295444" m_b="0.000000" m_c="0.000000" m_d="0.559176" m_tx="1.102384" m_ty="-243.646484"/>
   <element name="dummy" layername="dummy" frame="0" z_index="23" m_a="0.711860" m_b="-0.045762" m_c="0.044168" m_d="0.687065" m_tx="0.000000" m_ty="-292.956451"/>
   <element name="swap_body" layername="swap_body" frame="0" z_index="24" m_a="1.000000" m_b="0.000000" m_c="0.000000" m_d="1.000000" m_tx="-0.970874" m_ty="-45.631069"/>
   <element name="swap_hat" layername="swap_hat" frame="0" z_index="22" m_a="0.713329" m_b="0.000000" m_c="0.000000" m_d="0.688483" m_tx="1.383363" m_ty="-292.291016"/>
   <element name="swap_object" layername="swap_object" frame="0" z_index="28" m_a="0.374242" m_b="0.000000" m_c="0.000000" m_d="0.559176" m_tx="31.975517" m_ty="-243.597626"/>
  </frame>
  <frame idx="325" w="293" h="636" x="-30.922842" y="-404.144470">
   <element name="dummy" layername="dummy-2" frame="2" z_index="28" m_a="1.005845" m_b="0.000000" m_c="0.000000" m_d="0.997733" m_tx="0.000000" m_ty="0.000000"/>
   <element name="dummy" layername="dummy" frame="1" z_index="25" m_a="1.000000" m_b="0.000000" m_c="0.000000" m_d="1.000000" m_tx="0.000000" m_ty="-48.000000"/>
   <element name="dummy" layername="dummy-3" frame="3" z_index="27" m_a="0.357195" m_b="0.000000" m_c="0.000000" m_d="0.614279" m_tx="2.466286" m_ty="-199.030792"/>
   <element name="dummy" layername="dummy" frame="0" z_index="23" m_a="0.854900" m_b="-0.054958" m_c="0.054161" m_d="0.842502" m_tx="-0.375940" m_ty="-204.748901"/>
   <element name="swap_body" layername="swap_body" frame="0" z_index="24" m_a="1.000000" m_b="0.000000" m_c="0.000000" m_d="1.000000" m_tx="-0.970874" m_ty="-45.631069"/>
   <element name="swap_hat" layername="swap_hat" frame="0" z_index="22" m_a="0.856665" m_b="0.000000" m_c="0.000000" m_d="0.844241" m_tx="1.286615" m_ty="-203.930740"/>
   <element name="swap_object" layername="swap_object" frame="0" z_index="28" m_a="0.452462" m_b="0.000000" m_c="0.000000" m_d="0.614279" m_tx="39.792171" m_ty="-198.977112"/>
  </frame>
  <frame idx="350" w="341" h="590" x="-36.309521" y="-339.444427">
   <element name="dummy" layername="dummy-2" frame="2" z_index="28" m_a="1.005010" m_b="0.000000" m_c="0.000000" m_d="0.998057" m_tx="0.000000" m_ty="0.000000"/>
   <element name="dummy" layername="dummy" frame="1" z_index="25" m_a="1.000000" m_b="0.000000" m_c="0.000000" m_d="1.000000" m_tx="0.000000" m_ty="-48.000000"/>
   <element name="dummy" layername="dummy-3" frame="3" z_index="27" m_a="0.418945" m_b="0.000000" m_c="0.000000" m_d="0.669382" m_tx="3.830189" m_ty="-154.415100"/>
   <element name="dummy" layername="dummy" frame="0" z_index="23" m_a="0.997940" m_b="-0.064153" m_c="0.064153" m_d="0.997940" m_tx="-0.751880" m_ty="-116.541351"/>
   <element name="swap_body" layername="swap_body" frame="0" z_index="24" m_a="1.000000" m_b="0.000000" m_c="0.000000" m_d="1.000000" m_tx="-0.970874" m_ty="-45.631069"/>
   <element name="swap_hat" layername="swap_hat" frame="0" z_index="22" m_a="1.000000" m_b="0.000000" m_c="0.000000" m_d="1.000000" m_tx="1.189868" m_ty="-115.570473"/>
   <element name="swap_object" layername="swap_object" frame="0" z_index="28" m_a="0.530681" m_b="0.000000" m_c="0.000000" m_d="0.669382" m_tx="47.608826" m_ty="-154.356598"/>
  </frame>
  <frame idx="375" w="352" h="648" x="-37.517509" y="-341.421448">
   <element name="dummy" layername="dummy-2" frame="2" z_index="28" m_a="1.004175" m_b="0.000000" m_c="0.000000" m_d="0.998381" m_tx="0.000000" m_ty="0.000000"/>
   <element name="dummy" layername="dummy" frame="1" z_index="25" m_a="1.000000" m_b="0.000000" m_c="0.000000" m_d="1.000000" m_tx="0.000000" m_ty="-48.000000"/>
   <element name="dummy" layername="dummy-3" frame="3" z_index="27" m_a="0.626737" m_b="0.000000" m_c="0.000000" m_d="0.773553" m_tx="2.415094" m_ty="-128.707550"/>
   <element name="dummy" layername="dummy" frame="0" z_index="23" m_a="1.026917" m_b="-0.066016" m_c="0.063218" m_d="0.983390" m_tx="-0.751880" m_ty="-116.541351"/>
   <element name="swap_body" layername="swap_body" frame="0" z_index="24" m_a="1.000000" m_b="0.000000" m_c="0.000000" m_d="1.000000" m_tx="-0.970874" m_ty="-45.631069"/>
   <element name="swap_hat" layername="swap_hat" frame="0" z_index="22" m_a="1.029037" m_b="0.000000" m_c="0.000000" m_d="0.985420" m_tx="1.243190" m_ty="-115.589874"/>
   <element name="swap_object" layername="swap_object" frame="0" z_index="28" m_a="0.793893" m_b="0.000000" m_c="0.000000" m_d="0.773553" m_tx="67.907394" m_ty="-128.639954"/>
  </frame>
  <frame idx="400" w="362" h="708" x="-38.725502" y="-343.898468">
   <element name="dummy" layername="dummy-2" frame="2" z_index="28" m_a="1.003340" m_b="0.000000" m_c="0.000000" m_d="0.998704" m_tx="0.000000" m_ty="0.000000"/>
   <element name="dummy" layername="dummy" frame="1" z_index="25" m_a="1.000000" m_b="0.000000" m_c="0.000000" m_d="1.000000" m_tx="0.000000" m_ty="-48.000000"/>
   <element name="dummy" layername="dummy-3" frame="3" z_index="27" m_a="0.834528" m_b="0.000000" m_c="0.000000" m_d="0.877725" m_tx="1.000000" m_ty="-103.000000"/>
   <element name="dummy" layername="dummy" frame="0" z_index="23" m_a="1.055893" m_b="-0.067879" m_c="0.062283" m_d="0.968840" m_tx="-0.751880" m_ty="-116.541351"/>
   <element name="swap_body" layername="swap_body" frame="0" z_index="24" m_a="1.000000" m_b="0.000000" m_c="0.000000" m_d="1.000000" m_tx="-0.970874" m_ty="-45.631069"/>
   <element name="swap_hat" layername="swap_hat" frame="0" z_index="22" m_a="1.058073" m_b="0.000000" m_c="0.000000" m_d="0.970840" m_tx="1.296511" m_ty="-115.609283"/>
   <element name="swap_object" layername="swap_object" frame="0" z_index="28" m_a="1.057104" m_b="0.000000" m_c="0.000000" m_d="0.877725" m_tx="88.205956" m_ty="-102.923302"/>
  </frame>
  <frame idx="425" w="352" h="722" x="-37.517509" y="-347.921448">
   <element name="dummy" layername="dummy-2" frame="2" z_index="28" m_a="1.002505" m_b="0.000000" m_c="0.000000" m_d="0.999028" m_tx="0.000000" m_ty="0.000000"/>
   <element name="dummy" layername="dummy" frame="1" z_index="25" m_a="1.000000" m_b="0.000000" m_c="0.000000" m_d="1.000000" m_tx="0.000000" m_ty="-48.000000"/>
   <element name="dummy" layername="dummy-3" frame="3" z_index="27" m_a="0.811988" m_b="0.000000" m_c="0.000000" m_d="0.938863" m_tx="1.000000" m_ty="-103.000000"/>
   <element name="dummy" layername="dummy" frame="0" z_index="23" m_a="1.026917" m_b="-0.066016" m_c="0.063218" m_d="0.983390" m_tx="-0.751880" m_ty="-116.541351"/>
   <element name="swap_body" layername="swap_body" frame="0" z_index="24" m_a="1.000000" m_b="0.000000" m_c="0.000000" m_d="1.000000" m_tx="-0.970874" m_ty="-45.631069"/>
   <element name="swap_hat" layername="swap_hat" frame="0" z_index="22" m_a="1.029037" m_b="0.000000" m_c="0.000000" m_d="0.985420" m_tx="1.243190" m_ty="-115.589874"/>
   <element name="swap_object" layername="swap_object" frame="0" z_index="28" m_a="1.028552" m_b="0.000000" m_c="0.000000" m_d="0.938863" m_tx="85.850555" m_ty="-102.917961"/>
  </frame>
  <frame idx="450" w="341" h="734" x="-36.309521" y="-351.444427">
   <element name="dummy" layername="dummy-2" frame="2" z_index="28" m_a="1.001670" m_b="0.000000" m_c="0.000000" m_d="0.999352" m_tx="0.000000" m_ty="0.000000"/>
   <element name="dummy" layername="dummy" frame="1" z_index="25" m_a="1.000000" m_b="0.000000" m_c="0.000000" m_d="1.000000" m_tx="0.000000" m_ty="-48.000000"/>
   <element name="dummy" layername="dummy-3" frame="3" z_index="27" m_a="0.789447" m_b="0.000000" m_c="0.000000" m_d="1.000000" m_tx="1.000000" m_ty="-103.000000"/>
   <element name="dummy" layername="dummy" frame="0" z_index="23" m_a="0.997940" m_b="-0.064153" m_c="0.064153" m_d="0.997940" m_tx="-0.751880" m_ty="-116.541351"/>
   <element name="swap_body" layername="swap_body" frame="0" z_index="24" m_a="1.000000" m_b="0.000000" m_c="0.000000" m_d="1.000000" m_tx="-0.970874" m_ty="-45.631069"/>
   <element name="swap_hat" layername="swap_hat" frame="0" z_index="22" m_a="1.000000" m_b="0.000000" m_c="0.000000" m_d="1.000000" m_tx="1.189868" m_ty="-115.570473"/>
   <element name="swap_object" layername="swap_object" frame="0" z_index="28" m_a="1.000000" m_b="0.000000" m_c="0.000000" m_d="1.000000" m_tx="83.495148" m_ty="-102.912621"/>
  </frame>
  <frame idx="475" w="341" h="734" x="-36.309521" y="-351.444427">
   <element name="dummy" layername="dummy-2" frame="2" z_index="28" m_a="1.000835" m_b="0.000000" m_c="0.000000" m_d="0.999676" m_tx="0.000000" m_ty="0.000000"/>
   <element name="dummy" layername="dummy" frame="1" z_index="25" m_a="1.000000" m_b="0.000000" m_c="0.000000" m_d="1.000000" m_tx="0.000000" m_ty="-48.000000"/>
   <element name="dummy" layername="dummy-3" frame="3" z_index="27" m_a="0.789447" m_b="0.000000" m_c="0.000000" m_d="1.000000" m_tx="1.000000" m_ty="-103.000000"/>
   <element name="dummy" layername="dummy" frame="0" z_index="23" m_a="0.997940" m_b="-0.064153" m_c="0.064153" m_d="0.997940" m_tx="-0.751880" m_ty="-116.541351"/>
   <element name="swap_body" layername="swap_body" frame="0" z_index="24" m_a="1.000000" m_b="0.000000" m_c="0.000000" m_d="1.000000" m_tx="-0.970874" m_ty="-45.631069"/>
   <element name="swap_hat" layername="swap_hat" frame="0" z_index="22" m_a="1.000000" m_b="0.000000" m_c="0.000000" m_d="1.000000" m_tx="1.189868" m_ty="-115.570473"/>
   <element name="swap_object" layername="swap_object" frame="0" z_index="28" m_a="1.000000" m_b="0.000000" m_c="0.000000" m_d="1.000000" m_tx="83.495148" m_ty="-102.912621"/>
  </frame>
 </anim>
</Anims>
