<Anims>
 <anim name="anim" root="dummy" numframes="100" framerate="40">
  <frame idx="0" w="603" h="971" x="-58.309586" y="-370.944427">
   <element name="dummy" layername="dummy-2" frame="2" z_index="30" m_a="1.000000" m_b="-0.000000" m_c="0.000000" m_d="1.000000" m_tx="-0.000001" m_ty="0.000000"/>
   <element name="dummy" layername="dummy" frame="1" z_index="29" m_a="1.000000" m_b="-0.000000" m_c="0.000000" m_d="1.000000" m_tx="-0.000005" m_ty="-48.000000"/>
   <element name="dummy" layername="dummy-3" frame="3" z_index="31" m_a="0.789447" m_b="-0.000000" m_c="0.000000" m_d="1.000000" m_tx="0.999982" m_ty="-103.000000"/>
   <element name="dummy" layername="dummy" frame="0" z_index="27" m_a="0.997940" m_b="-0.064154" m_c="0.064154" m_d="0.997940" m_tx="-0.751899" m_ty="-116.541351"/>
   <element name="swap_body" layername="swap_body" frame="0" z_index="28" m_a="1.000000" m_b="-0.000000" m_c="0.000000" m_d="1.000000" m_tx="-0.970879" m_ty="-45.631069"/>
   <element name="swap_hat" layername="swap_hat" frame="0" z_index="26" m_a="1.000000" m_b="-0.000000" m_c="0.000000" m_d="1.000000" m_tx="1.189863" m_ty="-115.570480"/>
   <element name="swap_object" layername="swap_object" frame="0" z_index="32" m_a="1.000000" m_b="-0.000000" m_c="0.000000" m_d="1.000000" m_tx="83.495132" m_ty="-102.912598"/>
   <element name="lantern_overlay" layername="lantern_overlay" frame="0" z_index="25" m_a="1.000000" m_b="-0.000000" m_c="0.000000" m_d="1.000000" m_tx="83.495132" m_ty="-102.912598"/>
  </frame>
  <frame idx="25" w="603" h="971" x="-58.309586" y="-370.944427">
   <element name="dummy" layername="dummy-2" frame="2" z_index="30" m_a="1.000000" m_b="-0.000000" m_c="0.000000" m_d="1.000000" m_tx="-0.000001" m_ty="0.000000"/>
   <element name="dummy" layername="dummy" frame="1" z_index="29" m_a="1.000000" m_b="-0.000000" m_c="0.000000" m_d="1.000000" m_tx="-0.000005" m_ty="-48.000000"/>
   <element name="dummy" layername="dummy-3" frame="3" z_index="31" m_a="0.789447" m_b="-0.000000" m_c="0.000000" m_d="1.000000" m_tx="0.999982" m_ty="-103.000000"/>
   <element name="dummy" layername="dummy" frame="0" z_index="27" m_a="0.997940" m_b="-0.064154" m_c="0.064154" m_d="0.997940" m_tx="-0.751899" m_ty="-116.541351"/>
   <element name="swap_body" layername="swap_body" frame="0" z_index="28" m_a="1.000000" m_b="-0.000000" m_c="0.000000" m_d="1.000000" m_tx="-0.970879" m_ty="-45.631069"/>
   <element name="swap_hat" layername="swap_hat" frame="0" z_index="26" m_a="1.000000" m_b="-0.000000" m_c="0.000000" m_d="1.000000" m_tx="1.189863" m_ty="-115.570480"/>
   <element name="swap_object" layername="swap_object" frame="0" z_index="32" m_a="1.000000" m_b="-0.000000" m_c="0.000000" m_d="1.000000" m_tx="83.495132" m_ty="-102.912598"/>
   <element name="lantern_overlay" layername="lantern_overlay" frame="0" z_index="25" m_a="1.000000" m_b="-0.000000" m_c="0.000000" m_d="1.000000" m_tx="83.495132" m_ty="-102.912598"/>
  </frame>
  <frame idx="50" w="603" h="971" x="-58.309586" y="-370.944427">
   <element name="dummy" layername="dummy-2" frame="2" z_index="30" m_a="1.000000" m_b="-0.000000" m_c="0.000000" m_d="1.000000" m_tx="-0.000001" m_ty="0.000000"/>
   <element name="dummy" layername="dummy" frame="1" z_index="29" m_a="1.000000" m_b="-0.000000" m_c="0.000000" m_d="1.000000" m_tx="-0.000005" m_ty="-48.000000"/>
   <element name="dummy" layername="dummy-3" frame="3" z_index="31" m_a="0.789447" m_b="-0.000000" m_c="0.000000" m_d="1.000000" m_tx="0.999982" m_ty="-103.000000"/>
   <element name="dummy" layername="dummy" frame="0" z_index="27" m_a="0.997940" m_b="-0.064154" m_c="0.064154" m_d="0.997940" m_tx="-0.751899" m_ty="-116.541351"/>
   <element name="swap_body" layername="swap_body" frame="0" z_index="28" m_a="1.000000" m_b="-0.000000" m_c="0.000000" m_d="1.000000" m_tx="-0.970879" m_ty="-45.631069"/>
   <element name="swap_hat" layername="swap_hat" frame="0" z_index="26" m_a="1.000000" m_b="-0.000000" m_c="0.000000" m_d="1.000000" m_tx="1.189863" m_ty="-115.570480"/>
   <element name="swap_object" layername="swap_object" frame="0" z_index="32" m_a="1.000000" m_b="-0.000000" m_c="0.000000" m_d="1.000000" m_tx="83.495132" m_ty="-102.912598"/>
   <element name="lantern_overlay" layername="lantern_overlay" frame="0" z_index="25" m_a="1.000000" m_b="-0.000000" m_c="0.000000" m_d="1.000000" m_tx="83.495132" m_ty="-102.912598"/>
  </frame>
  <frame idx="75" w="603" h="971" x="-58.309586" y="-370.944427">
   <element name="dummy" layername="dummy-2" frame="2" z_index="30" m_a="1.000000" m_b="-0.000000" m_c="0.000000" m_d="1.000000" m_tx="-0.000001" m_ty="0.000000"/>
   <element name="dummy" layername="dummy" frame="1" z_index="29" m_a="1.000000" m_b="-0.000000" m_c="0.000000" m_d="1.000000" m_tx="-0.000005" m_ty="-48.000000"/>
   <element name="dummy" layername="dummy-3" frame="3" z_index="31" m_a="0.789447" m_b="-0.000000" m_c="0.000000" m_d="1.000000" m_tx="0.999982" m_ty="-103.000000"/>
   <element name="dummy" layername="dummy" frame="0" z_index="27" m_a="0.997940" m_b="-0.064154" m_c="0.064154" m_d="0.997940" m_tx="-0.751899" m_ty="-116.541351"/>
   <element name="swap_body" layername="swap_body" frame="0" z_index="28" m_a="1.000000" m_b="-0.000000" m_c="0.000000" m_d="1.000000" m_tx="-0.970879" m_ty="-45.631069"/>
   <element name="swap_hat" layername="swap_hat" frame="0" z_index="26" m_a="1.000000" m_b="-0.000000" m_c="0.000000" m_d="1.000000" m_tx="1.189863" m_ty="-115.570480"/>
   <element name="swap_object" layername="swap_object" frame="0" z_index="32" m_a="1.000000" m_b="-0.000000" m_c="0.000000" m_d="1.000000" m_tx="83.495132" m_ty="-102.912598"/>
   <element name="lantern_overlay" layername="lantern_overlay" frame="0" z_index="25" m_a="1.000000" m_b="-0.000000" m_c="0.000000" m_d="1.000000" m_tx="83.495132" m_ty="-102.912598"/>
  </frame>
 </anim>
 <anim name="idle" root="dummy" numframes="100" framerate="40">
  <frame idx="0" w="603" h="971" x="-58.309521" y="-370.944427">
   <element name="dummy" layername="dummy-2" frame="2" z_index="30" m_a="1.000000" m_b="0.000000" m_c="0.000000" m_d="1.000000" m_tx="0.000000" m_ty="0.000000"/>
   <element name="dummy" layername="dummy" frame="1" z_index="29" m_a="1.000000" m_b="0.000000" m_c="0.000000" m_d="1.000000" m_tx="0.000000" m_ty="-48.000000"/>
   <element name="dummy" layername="dummy-3" frame="3" z_index="31" m_a="0.789447" m_b="0.000000" m_c="0.000000" m_d="1.000000" m_tx="1.000000" m_ty="-103.000000"/>
   <element name="dummy" layername="dummy" frame="0" z_index="27" m_a="0.997940" m_b="-0.064153" m_c="0.064153" m_d="0.997940" m_tx="-0.751880" m_ty="-116.541351"/>
   <element name="swap_body" layername="swap_body" frame="0" z_index="28" m_a="1.000000" m_b="0.000000" m_c="0.000000" m_d="1.000000" m_tx="-0.970874" m_ty="-45.631069"/>
   <element name="swap_hat" layername="swap_hat" frame="0" z_index="26" m_a="1.000000" m_b="0.000000" m_c="0.000000" m_d="1.000000" m_tx="1.189868" m_ty="-115.570473"/>
   <element name="swap_object" layername="swap_object" frame="0" z_index="32" m_a="1.000000" m_b="0.000000" m_c="0.000000" m_d="1.000000" m_tx="83.495148" m_ty="-102.912621"/>
   <element name="lantern_overlay" layername="lantern_overlay" frame="0" z_index="25" m_a="1.000000" m_b="0.000000" m_c="0.000000" m_d="1.000000" m_tx="83.495148" m_ty="-102.912621"/>
  </frame>
  <frame idx="25" w="603" h="971" x="-58.309521" y="-370.944427">
   <element name="dummy" layername="dummy-2" frame="2" z_index="30" m_a="1.000000" m_b="0.000000" m_c="0.000000" m_d="1.000000" m_tx="0.000000" m_ty="0.000000"/>
   <element name="dummy" layername="dummy" frame="1" z_index="29" m_a="1.000000" m_b="0.000000" m_c="0.000000" m_d="1.000000" m_tx="0.000000" m_ty="-48.000000"/>
   <element name="dummy" layername="dummy-3" frame="3" z_index="31" m_a="0.789447" m_b="0.000000" m_c="0.000000" m_d="1.000000" m_tx="1.000000" m_ty="-103.000000"/>
   <element name="dummy" layername="dummy" frame="0" z_index="27" m_a="0.997940" m_b="-0.064153" m_c="0.064153" m_d="0.997940" m_tx="-0.751880" m_ty="-116.541351"/>
   <element name="swap_body" layername="swap_body" frame="0" z_index="28" m_a="1.000000" m_b="0.000000" m_c="0.000000" m_d="1.000000" m_tx="-0.970874" m_ty="-45.631069"/>
   <element name="swap_hat" layername="swap_hat" frame="0" z_index="26" m_a="1.000000" m_b="0.000000" m_c="0.000000" m_d="1.000000" m_tx="1.189868" m_ty="-115.570473"/>
   <element name="swap_object" layername="swap_object" frame="0" z_index="32" m_a="1.000000" m_b="0.000000" m_c="0.000000" m_d="1.000000" m_tx="83.495148" m_ty="-102.912621"/>
   <element name="lantern_overlay" layername="lantern_overlay" frame="0" z_index="25" m_a="1.000000" m_b="0.000000" m_c="0.000000" m_d="1.000000" m_tx="83.495148" m_ty="-102.912621"/>
  </frame>
  <frame idx="50" w="603" h="971" x="-58.309521" y="-370.944427">
   <element name="dummy" layername="dummy-2" frame="2" z_index="30" m_a="1.000000" m_b="0.000000" m_c="0.000000" m_d="1.000000" m_tx="0.000000" m_ty="0.000000"/>
   <element name="dummy" layername="dummy" frame="1" z_index="29" m_a="1.000000" m_b="0.000000" m_c="0.000000" m_d="1.000000" m_tx="0.000000" m_ty="-48.000000"/>
   <element name="dummy" layername="dummy-3" frame="3" z_index="31" m_a="0.789447" m_b="0.000000" m_c="0.000000" m_d="1.000000" m_tx="1.000000" m_ty="-103.000000"/>
   <element name="dummy" layername="dummy" frame="0" z_index="27" m_a="0.997940" m_b="-0.064153" m_c="0.064153" m_d="0.997940" m_tx="-0.751880" m_ty="-116.541351"/>
   <element name="swap_body" layername="swap_body" frame="0" z_index="28" m_a="1.000000" m_b="0.000000" m_c="0.000000" m_d="1.000000" m_tx="-0.970874" m_ty="-45.631069"/>
   <element name="swap_hat" layername="swap_hat" frame="0" z_index="26" m_a="1.000000" m_b="0.000000" m_c="0.000000" m_d="1.000000" m_tx="1.189868" m_ty="-115.570473"/>
   <element name="swap_object" layername="swap_object" frame="0" z_index="32" m_a="1.000000" m_b="0.000000" m_c="0.000000" m_d="1.000000" m_tx="83.495148" m_ty="-102.912621"/>
   <element name="lantern_overlay" layername="lantern_overlay" frame="0" z_index="25" m_a="1.000000" m_b="0.000000" m_c="0.000000" m_d="1.000000" m_tx="83.495148" m_ty="-102.912621"/>
  </frame>
  <frame idx="75" w="603" h="971" x="-58.309521" y="-370.944427">
   <element name="dummy" layername="dummy-2" frame="2" z_index="30" m_a="1.000000" m_b="0.000000" m_c="0.000000" m_d="1.000000" m_tx="0.000000" m_ty="0.000000"/>
   <element name="dummy" layername="dummy" frame="1" z_index="29" m_a="1.000000" m_b="0.000000" m_c="0.000000" m_d="1.000000" m_tx="0.000000" m_ty="-48.000000"/>
   <element name="dummy" layername="dummy-3" frame="3" z_index="31" m_a="0.789447" m_b="0.000000" m_c="0.000000" m_d="1.000000" m_tx="1.000000" m_ty="-103.000000"/>
   <element name="dummy" layername="dummy" frame="0" z_index="27" m_a="0.997940" m_b="-0.064153" m_c="0.064153" m_d="0.997940" m_tx="-0.751880" m_ty="-116.541351"/>
   <element name="swap_body" layername="swap_body" frame="0" z_index="28" m_a="1.000000" m_b="0.000000" m_c="0.000000" m_d="1.000000" m_tx="-0.970874" m_ty="-45.631069"/>
   <element name="swap_hat" layername="swap_hat" frame="0" z_index="26" m_a="1.000000" m_b="0.000000" m_c="0.000000" m_d="1.000000" m_tx="1.189868" m_ty="-115.570473"/>
   <element name="swap_object" layername="swap_object" frame="0" z_index="32" m_a="1.000000" m_b="0.000000" m_c="0.000000" m_d="1.000000" m_tx="83.495148" m_ty="-102.912621"/>
   <element name="lantern_overlay" layername="lantern_overlay" frame="0" z_index="25" m_a="1.000000" m_b="0.000000" m_c="0.000000" m_d="1.000000" m_tx="83.495148" m_ty="-102.912621"/>
  </frame>
 </anim>
 <anim name="hit" root="dummy" numframes="300" framerate="40">
  <frame idx="0" w="603" h="971" x="-58.309586" y="-370.944427">
   <element name="dummy" layername="dummy-2" frame="2" z_index="30" m_a="1.000000" m_b="-0.000000" m_c="0.000000" m_d="1.000000" m_tx="-0.000001" m_ty="0.000000"/>
   <element name="dummy" layername="dummy" frame="1" z_index="29" m_a="1.000000" m_b="-0.000000" m_c="0.000000" m_d="1.000000" m_tx="-0.000005" m_ty="-48.000000"/>
   <element name="dummy" layername="dummy-3" frame="3" z_index="31" m_a="0.789447" m_b="-0.000000" m_c="0.000000" m_d="1.000000" m_tx="0.999982" m_ty="-103.000000"/>
   <element name="dummy" layername="dummy" frame="0" z_index="27" m_a="0.997940" m_b="-0.064154" m_c="0.064154" m_d="0.997940" m_tx="-0.751899" m_ty="-116.541351"/>
   <element name="swap_body" layername="swap_body" frame="0" z_index="28" m_a="1.000000" m_b="-0.000000" m_c="0.000000" m_d="1.000000" m_tx="-0.970879" m_ty="-45.631069"/>
   <element name="swap_hat" layername="swap_hat" frame="0" z_index="26" m_a="1.000000" m_b="-0.000000" m_c="0.000000" m_d="1.000000" m_tx="1.189863" m_ty="-115.570480"/>
   <element name="swap_object" layername="swap_object" frame="0" z_index="32" m_a="1.000000" m_b="-0.000000" m_c="0.000000" m_d="1.000000" m_tx="83.495132" m_ty="-102.912598"/>
   <element name="lantern_overlay" layername="lantern_overlay" frame="0" z_index="25" m_a="1.000000" m_b="-0.000000" m_c="0.000000" m_d="1.000000" m_tx="83.495132" m_ty="-102.912598"/>
  </frame>
  <frame idx="25" w="574" h="1000" x="-45.390751" y="-373.503815">
   <element name="dummy" layername="dummy-2" frame="2" z_index="30" m_a="0.999273" m_b="0.038117" m_c="-0.038117" m_d="0.999273" m_tx="0.752276" m_ty="-0.041324"/>
   <element name="dummy" layername="dummy" frame="1" z_index="29" m_a="0.998516" m_b="0.054463" m_c="-0.054463" m_d="0.998516" m_tx="2.769931" m_ty="-47.997730"/>
   <element name="dummy" layername="dummy-3" frame="3" z_index="31" m_a="0.788275" m_b="0.042995" m_c="-0.054462" m_d="0.998516" m_tx="6.763879" m_ty="-102.861633"/>
   <element name="dummy" layername="dummy" frame="0" z_index="27" m_a="0.999997" m_b="-0.002441" m_c="0.002441" m_d="0.999997" m_tx="5.814479" m_ty="-116.485458"/>
   <element name="swap_body" layername="swap_body" frame="0" z_index="28" m_a="0.998516" m_b="0.054463" m_c="-0.054463" m_d="0.998516" m_tx="1.671480" m_ty="-45.685192"/>
   <element name="swap_hat" layername="swap_hat" frame="0" z_index="26" m_a="0.997413" m_b="0.071878" m_c="-0.071878" m_d="0.997413" m_tx="6.840919" m_ty="-115.434021"/>
   <element name="swap_object" layername="swap_object" frame="0" z_index="32" m_a="0.998516" m_b="0.054462" m_c="-0.054462" m_d="0.998516" m_tx="89.131828" m_ty="-98.281494"/>
   <element name="lantern_overlay" layername="lantern_overlay" frame="0" z_index="25" m_a="0.998516" m_b="0.054462" m_c="-0.054462" m_d="0.998516" m_tx="89.131836" m_ty="-98.281494"/>
  </frame>
  <frame idx="50" w="552" h="1026" x="-41.783234" y="-374.451477">
   <element name="dummy" layername="dummy-2" frame="2" z_index="30" m_a="0.997094" m_b="0.076179" m_c="-0.076179" m_d="0.997094" m_tx="1.505580" m_ty="-0.053942"/>
   <element name="dummy" layername="dummy" frame="1" z_index="29" m_a="0.994068" m_b="0.108764" m_c="-0.108764" m_d="0.994068" m_tx="5.537024" m_ty="-47.879646"/>
   <element name="dummy" layername="dummy-3" frame="3" z_index="31" m_a="0.784764" m_b="0.085864" m_c="-0.108765" m_d="0.994068" m_tx="12.513130" m_ty="-102.444595"/>
   <element name="dummy" layername="dummy" frame="0" z_index="27" m_a="0.998241" m_b="0.059282" m_c="-0.059282" m_d="0.998241" m_tx="12.369852" m_ty="-116.103195"/>
   <element name="swap_body" layername="swap_body" frame="0" z_index="28" m_a="0.994068" m_b="0.108764" m_c="-0.108764" m_d="0.994068" m_tx="4.314254" m_ty="-45.630363"/>
   <element name="swap_hat" layername="swap_hat" frame="0" z_index="26" m_a="0.989667" m_b="0.143385" m_c="-0.143385" m_d="0.989667" m_tx="12.482675" m_ty="-115.088959"/>
   <element name="swap_object" layername="swap_object" frame="0" z_index="32" m_a="0.994068" m_b="0.108765" m_c="-0.108765" m_d="0.994068" m_tx="94.509377" m_ty="-93.385155"/>
   <element name="lantern_overlay" layername="lantern_overlay" frame="0" z_index="25" m_a="0.994068" m_b="0.108765" m_c="-0.108765" m_d="0.994068" m_tx="94.509377" m_ty="-93.385155"/>
  </frame>
  <frame idx="75" w="552" h="1024" x="-42.550819" y="-374.350311">
   <element name="dummy" layername="dummy-2" frame="2" z_index="30" m_a="0.998316" m_b="0.058006" m_c="-0.058006" m_d="0.998316" m_tx="1.145651" m_ty="-0.051497"/>
   <element name="dummy" layername="dummy" frame="1" z_index="29" m_a="0.994267" m_b="0.106925" m_c="-0.106925" m_d="0.994267" m_tx="4.492702" m_ty="-47.924095"/>
   <element name="dummy" layername="dummy-3" frame="3" z_index="31" m_a="0.784921" m_b="0.084412" m_c="-0.106925" m_d="0.994267" m_tx="11.367845" m_ty="-102.501862"/>
   <element name="dummy" layername="dummy" frame="0" z_index="27" m_a="0.997905" m_b="0.064691" m_c="-0.064691" m_d="0.997905" m_tx="11.262023" m_ty="-116.163124"/>
   <element name="swap_body" layername="swap_body" frame="0" z_index="28" m_a="0.994267" m_b="0.106925" m_c="-0.106925" m_d="0.994267" m_tx="3.274096" m_ty="-45.672558"/>
   <element name="swap_hat" layername="swap_hat" frame="0" z_index="26" m_a="0.987310" m_b="0.158806" m_c="-0.158806" m_d="0.987310" m_tx="10.524223" m_ty="-115.260033"/>
   <element name="swap_object" layername="swap_object" frame="0" z_index="32" m_a="0.994267" m_b="0.106925" m_c="-0.106925" m_d="0.994267" m_tx="93.380707" m_ty="-93.594147"/>
   <element name="lantern_overlay" layername="lantern_overlay" frame="0" z_index="25" m_a="0.994267" m_b="0.106925" m_c="-0.106925" m_d="0.994267" m_tx="93.380714" m_ty="-93.594147"/>
  </frame>
  <frame idx="100" w="554" h="1022" x="-43.819069" y="-374.205505">
   <element name="dummy" layername="dummy-2" frame="2" z_index="30" m_a="0.999207" m_b="0.039815" m_c="-0.039815" m_d="0.999207" m_tx="0.785825" m_ty="-0.042497"/>
   <element name="dummy" layername="dummy" frame="1" z_index="29" m_a="0.994463" m_b="0.105085" m_c="-0.105085" m_d="0.994463" m_tx="3.447779" m_ty="-47.949867"/>
   <element name="dummy" layername="dummy-3" frame="3" z_index="31" m_a="0.785076" m_b="0.082959" m_c="-0.105085" m_d="0.994463" m_tx="10.221933" m_ty="-102.540253"/>
   <element name="dummy" layername="dummy" frame="0" z_index="27" m_a="0.997540" m_b="0.070095" m_c="-0.070095" m_d="0.997540" m_tx="10.153579" m_ty="-116.203918"/>
   <element name="swap_body" layername="swap_body" frame="0" z_index="28" m_a="0.994463" m_b="0.105085" m_c="-0.105085" m_d="0.994463" m_tx="2.233341" m_ty="-45.696075"/>
   <element name="swap_hat" layername="swap_hat" frame="0" z_index="26" m_a="0.984712" m_b="0.174189" m_c="-0.174189" m_d="0.984712" m_tx="8.567576" m_ty="-115.429756"/>
   <element name="swap_object" layername="swap_object" frame="0" z_index="32" m_a="0.994463" m_b="0.105085" m_c="-0.105085" m_d="0.994463" m_tx="92.251129" m_ty="-93.784294"/>
   <element name="lantern_overlay" layername="lantern_overlay" frame="0" z_index="25" m_a="0.994463" m_b="0.105085" m_c="-0.105085" m_d="0.994463" m_tx="92.251137" m_ty="-93.784294"/>
  </frame>
  <frame idx="125" w="576" h="994" x="-46.378731" y="-372.819794">
   <element name="dummy" layername="dummy-2" frame="2" z_index="30" m_a="0.999892" m_b="0.014716" m_c="-0.014716" m_d="0.999892" m_tx="0.290192" m_ty="-0.019350"/>
   <element name="dummy" layername="dummy" frame="1" z_index="29" m_a="0.999007" m_b="0.044543" m_c="-0.044543" m_d="0.999007" m_tx="1.339705" m_ty="-48.003983"/>
   <element name="dummy" layername="dummy-3" frame="3" z_index="31" m_a="0.788663" m_b="0.035164" m_c="-0.044543" m_d="0.999007" m_tx="4.788608" m_ty="-102.904846"/>
   <element name="dummy" layername="dummy" frame="0" z_index="27" m_a="0.999861" m_b="0.016699" m_c="-0.016699" m_d="0.999861" m_tx="3.953724" m_ty="-116.545135"/>
   <element name="swap_body" layername="swap_body" frame="0" z_index="28" m_a="0.999007" m_b="0.044543" m_c="-0.044543" m_d="0.999007" m_tx="0.264274" m_ty="-45.680649"/>
   <element name="swap_hat" layername="swap_hat" frame="0" z_index="26" m_a="0.991326" m_b="0.131428" m_c="-0.131428" m_d="0.991326" m_tx="1.563455" m_ty="-115.775658"/>
   <element name="swap_object" layername="swap_object" frame="0" z_index="32" m_a="0.999007" m_b="0.044543" m_c="-0.044543" m_d="0.999007" m_tx="87.197983" m_ty="-99.142960"/>
   <element name="lantern_overlay" layername="lantern_overlay" frame="0" z_index="25" m_a="0.999007" m_b="0.044543" m_c="-0.044543" m_d="0.999007" m_tx="87.197983" m_ty="-99.142960"/>
  </frame>
  <frame idx="150" w="600" h="962" x="-51.369080" y="-370.705200">
   <element name="dummy" layername="dummy-2" frame="2" z_index="30" m_a="0.999946" m_b="-0.010391" m_c="0.010391" m_d="0.999946" m_tx="-0.204704" m_ty="0.016233"/>
   <element name="dummy" layername="dummy" frame="1" z_index="29" m_a="0.999869" m_b="-0.016162" m_c="0.016162" m_d="0.999869" m_tx="-0.769848" m_ty="-47.980293"/>
   <element name="dummy" layername="dummy-3" frame="3" z_index="31" m_a="0.789344" m_b="-0.012759" m_c="0.016162" m_d="0.999869" m_tx="-0.658858" m_ty="-102.989273"/>
   <element name="dummy" layername="dummy" frame="0" z_index="27" m_a="0.999325" m_b="-0.036744" m_c="0.036744" m_d="0.999325" m_tx="-2.257840" m_ty="-116.563057"/>
   <element name="swap_body" layername="swap_body" frame="0" z_index="28" m_a="0.999869" m_b="-0.016162" m_c="0.016162" m_d="0.999869" m_tx="-1.702310" m_ty="-45.595982"/>
   <element name="swap_hat" layername="swap_hat" frame="0" z_index="26" m_a="0.996083" m_b="0.088425" m_c="-0.088425" m_d="0.996083" m_tx="-5.454530" m_ty="-115.718529"/>
   <element name="swap_object" layername="swap_object" frame="0" z_index="32" m_a="0.999869" m_b="-0.016162" m_c="0.016162" m_d="0.999869" m_tx="81.826927" m_ty="-104.235184"/>
   <element name="lantern_overlay" layername="lantern_overlay" frame="0" z_index="25" m_a="0.999869" m_b="-0.016162" m_c="0.016162" m_d="0.999869" m_tx="81.826935" m_ty="-104.235184"/>
  </frame>
  <frame idx="175" w="599" h="964" x="-51.443283" y="-370.717712">
   <element name="dummy" layername="dummy-2" frame="2" z_index="30" m_a="0.999963" m_b="-0.008659" m_c="0.008659" m_d="0.999963" m_tx="-0.170598" m_ty="0.013380"/>
   <element name="dummy" layername="dummy" frame="1" z_index="29" m_a="0.999909" m_b="-0.013469" m_c="0.013469" m_d="0.999909" m_tx="-0.641554" m_ty="-47.984207"/>
   <element name="dummy" layername="dummy-3" frame="3" z_index="31" m_a="0.789375" m_b="-0.010633" m_c="0.013469" m_d="0.999909" m_tx="-0.382390" m_ty="-102.992691"/>
   <element name="dummy" layername="dummy" frame="0" z_index="27" m_a="0.999146" m_b="-0.041315" m_c="0.041315" m_d="0.999146" m_tx="-2.006929" m_ty="-116.561607"/>
   <element name="swap_body" layername="swap_body" frame="0" z_index="28" m_a="0.999909" m_b="-0.013469" m_c="0.013469" m_d="0.999909" m_tx="-1.580436" m_ty="-45.602417"/>
   <element name="swap_hat" layername="swap_hat" frame="0" z_index="26" m_a="0.997279" m_b="0.073716" m_c="-0.073716" m_d="0.997279" m_tx="-4.348495" m_ty="-115.654793"/>
   <element name="swap_object" layername="swap_object" frame="0" z_index="32" m_a="0.999909" m_b="-0.013469" m_c="0.013469" m_d="0.999909" m_tx="82.106445" m_ty="-104.016365"/>
   <element name="lantern_overlay" layername="lantern_overlay" frame="0" z_index="25" m_a="0.999909" m_b="-0.013469" m_c="0.013469" m_d="0.999909" m_tx="82.106453" m_ty="-104.016365"/>
  </frame>
  <frame idx="200" w="599" h="965" x="-51.938457" y="-370.707825">
   <element name="dummy" layername="dummy-2" frame="2" z_index="30" m_a="0.999976" m_b="-0.006927" m_c="0.006927" m_d="0.999976" m_tx="-0.136487" m_ty="0.010586"/>
   <element name="dummy" layername="dummy" frame="1" z_index="29" m_a="0.999942" m_b="-0.010775" m_c="0.010775" m_d="0.999942" m_tx="-0.513254" m_ty="-47.987873"/>
   <element name="dummy" layername="dummy-3" frame="3" z_index="31" m_a="0.789401" m_b="-0.008506" m_c="0.010774" m_d="0.999942" m_tx="-0.105917" m_ty="-102.995453"/>
   <element name="dummy" layername="dummy" frame="0" z_index="27" m_a="0.998947" m_b="-0.045884" m_c="0.045884" m_d="0.998947" m_tx="-1.755982" m_ty="-116.559288"/>
   <element name="swap_body" layername="swap_body" frame="0" z_index="28" m_a="0.999942" m_b="-0.010775" m_c="0.010775" m_d="0.999942" m_tx="-1.458547" m_ty="-45.608616"/>
   <element name="swap_hat" layername="swap_hat" frame="0" z_index="26" m_a="0.998258" m_b="0.058994" m_c="-0.058994" m_d="0.998258" m_tx="-3.241697" m_ty="-115.606674"/>
   <element name="swap_object" layername="swap_object" frame="0" z_index="32" m_a="0.999942" m_b="-0.010774" m_c="0.010774" m_d="0.999942" m_tx="82.385384" m_ty="-103.796890"/>
   <element name="lantern_overlay" layername="lantern_overlay" frame="0" z_index="25" m_a="0.999942" m_b="-0.010774" m_c="0.010774" m_d="0.999942" m_tx="82.385391" m_ty="-103.796890"/>
  </frame>
  <frame idx="225" w="600" h="967" x="-53.407520" y="-371.175568">
   <element name="dummy" layername="dummy-2" frame="2" z_index="30" m_a="0.999987" m_b="-0.005196" m_c="0.005196" m_d="0.999987" m_tx="-0.102376" m_ty="0.007850"/>
   <element name="dummy" layername="dummy" frame="1" z_index="29" m_a="0.999967" m_b="-0.008081" m_c="0.008081" m_d="0.999967" m_tx="-0.384960" m_ty="-47.991283"/>
   <element name="dummy" layername="dummy-3" frame="3" z_index="31" m_a="0.789421" m_b="-0.006380" m_c="0.008081" m_d="0.999967" m_tx="0.170547" m_ty="-102.997566"/>
   <element name="dummy" layername="dummy" frame="0" z_index="27" m_a="0.998726" m_b="-0.050453" m_c="0.050453" m_d="0.998726" m_tx="-1.505016" m_ty="-116.556099"/>
   <element name="swap_body" layername="swap_body" frame="0" z_index="28" m_a="0.999967" m_b="-0.008081" m_c="0.008081" m_d="0.999967" m_tx="-1.336659" m_ty="-45.614586"/>
   <element name="swap_hat" layername="swap_hat" frame="0" z_index="26" m_a="0.999020" m_b="0.044256" m_c="-0.044256" m_d="0.999020" m_tx="-2.134095" m_ty="-115.574181"/>
   <element name="swap_object" layername="swap_object" frame="0" z_index="32" m_a="0.999967" m_b="-0.008081" m_c="0.008081" m_d="0.999967" m_tx="82.663704" m_ty="-103.576843"/>
   <element name="lantern_overlay" layername="lantern_overlay" frame="0" z_index="25" m_a="0.999967" m_b="-0.008081" m_c="0.008081" m_d="0.999967" m_tx="82.663704" m_ty="-103.576836"/>
  </frame>
  <frame idx="250" w="602" h="968" x="-55.376102" y="-371.120911">
   <element name="dummy" layername="dummy-2" frame="2" z_index="30" m_a="0.999994" m_b="-0.003464" m_c="0.003464" m_d="0.999994" m_tx="-0.068256" m_ty="0.005175"/>
   <element name="dummy" layername="dummy" frame="1" z_index="29" m_a="0.999986" m_b="-0.005388" m_c="0.005388" m_d="0.999986" m_tx="-0.256652" m_ty="-47.994438"/>
   <element name="dummy" layername="dummy-3" frame="3" z_index="31" m_a="0.789436" m_b="-0.004254" m_c="0.005388" m_d="0.999985" m_tx="0.446994" m_ty="-102.999023"/>
   <element name="dummy" layername="dummy" frame="0" z_index="27" m_a="0.998485" m_b="-0.055022" m_c="0.055022" m_d="0.998485" m_tx="-1.254054" m_ty="-116.552048"/>
   <element name="swap_body" layername="swap_body" frame="0" z_index="28" m_a="0.999986" m_b="-0.005388" m_c="0.005388" m_d="0.999986" m_tx="-1.214749" m_ty="-45.620308"/>
   <element name="swap_hat" layername="swap_hat" frame="0" z_index="26" m_a="0.999565" m_b="0.029509" m_c="-0.029509" m_d="0.999565" m_tx="-1.026289" m_ty="-115.557320"/>
   <element name="swap_object" layername="swap_object" frame="0" z_index="32" m_a="0.999985" m_b="-0.005388" m_c="0.005388" m_d="0.999985" m_tx="82.941414" m_ty="-103.356125"/>
   <element name="lantern_overlay" layername="lantern_overlay" frame="0" z_index="25" m_a="0.999985" m_b="-0.005388" m_c="0.005388" m_d="0.999985" m_tx="82.941414" m_ty="-103.356125"/>
  </frame>
  <frame idx="275" w="603" h="969" x="-56.843502" y="-371.043823">
   <element name="dummy" layername="dummy-2" frame="2" z_index="30" m_a="0.999999" m_b="-0.001732" m_c="0.001732" m_d="0.999999" m_tx="-0.034130" m_ty="0.002558"/>
   <element name="dummy" layername="dummy" frame="1" z_index="29" m_a="0.999996" m_b="-0.002694" m_c="0.002694" m_d="0.999996" m_tx="-0.128334" m_ty="-47.997349"/>
   <element name="dummy" layername="dummy-3" frame="3" z_index="31" m_a="0.789444" m_b="-0.002128" m_c="0.002695" m_d="0.999996" m_tx="0.723473" m_ty="-102.999840"/>
   <element name="dummy" layername="dummy" frame="0" z_index="27" m_a="0.998223" m_b="-0.059588" m_c="0.059588" m_d="0.998223" m_tx="-1.003010" m_ty="-116.547134"/>
   <element name="swap_body" layername="swap_body" frame="0" z_index="28" m_a="0.999996" m_b="-0.002694" m_c="0.002694" m_d="0.999996" m_tx="-1.092822" m_ty="-45.625809"/>
   <element name="swap_hat" layername="swap_hat" frame="0" z_index="26" m_a="0.999891" m_b="0.014756" m_c="-0.014756" m_d="0.999891" m_tx="0.081860" m_ty="-115.556076"/>
   <element name="swap_object" layername="swap_object" frame="0" z_index="32" m_a="0.999996" m_b="-0.002695" m_c="0.002695" m_d="0.999996" m_tx="83.218559" m_ty="-103.134766"/>
   <element name="lantern_overlay" layername="lantern_overlay" frame="0" z_index="25" m_a="0.999996" m_b="-0.002695" m_c="0.002695" m_d="0.999996" m_tx="83.218559" m_ty="-103.134766"/>
  </frame>
 </anim>
 <anim name="place" root="dummy" numframes="500" framerate="40">
  <frame idx="0" w="55" h="248" x="-4.648946" y="-94.116409">
   <element name="dummy" layername="dummy-2" frame="2" z_index="32" m_a="0.351031" m_b="0.000000" m_c="0.000000" m_d="1.278966" m_tx="0.000000" m_ty="-44.339622"/>
  </frame>
  <frame idx="25" w="111" h="197" x="-8.775952" y="-63.885109">
   <element name="dummy" layername="dummy-2" frame="2" z_index="32" m_a="0.724001" m_b="0.000000" m_c="0.000000" m_d="1.120678" m_tx="0.000000" m_ty="-22.169811"/>
  </frame>
  <frame idx="50" w="167" h="147" x="-12.902958" y="-34.153816">
   <element name="dummy" layername="dummy-2" frame="2" z_index="32" m_a="1.096971" m_b="0.000000" m_c="0.000000" m_d="0.962390" m_tx="0.000000" m_ty="0.000000"/>
  </frame>
  <frame idx="75" w="160" h="149" x="-12.444766" y="-34.518631">
   <element name="dummy" layername="dummy-2" frame="2" z_index="32" m_a="1.055166" m_b="0.000000" m_c="0.000000" m_d="0.978604" m_tx="0.000000" m_ty="0.000000"/>
  </frame>
  <frame idx="100" w="155" h="304" x="-12.330330" y="-174.286270">
   <element name="dummy" layername="dummy-2" frame="2" z_index="32" m_a="1.013360" m_b="0.000000" m_c="0.000000" m_d="0.994818" m_tx="0.000000" m_ty="0.000000"/>
   <element name="dummy" layername="dummy" frame="1" z_index="31" m_a="0.372043" m_b="0.000000" m_c="0.000000" m_d="0.378819" m_tx="0.361207" m_ty="-133.849060"/>
   <element name="swap_body" layername="swap_body" frame="0" z_index="30" m_a="0.372043" m_b="0.000000" m_c="0.000000" m_d="0.378819" m_tx="0.000000" m_ty="-132.951660"/>
  </frame>
  <frame idx="125" w="154" h="267" x="-12.250612" y="-140.608643">
   <element name="dummy" layername="dummy-2" frame="2" z_index="32" m_a="1.012525" m_b="0.000000" m_c="0.000000" m_d="0.995142" m_tx="0.000000" m_ty="0.000000"/>
   <element name="dummy" layername="dummy" frame="1" z_index="31" m_a="0.686022" m_b="0.000000" m_c="0.000000" m_d="0.689409" m_tx="0.180604" m_ty="-90.924530"/>
   <element name="swap_body" layername="swap_body" frame="0" z_index="30" m_a="0.686022" m_b="0.000000" m_c="0.000000" m_d="0.689409" m_tx="-0.485437" m_ty="-89.291367"/>
  </frame>
  <frame idx="150" w="154" h="261" x="-12.170894" y="-109.431000">
   <element name="dummy" layername="dummy-2" frame="2" z_index="32" m_a="1.011690" m_b="0.000000" m_c="0.000000" m_d="0.995466" m_tx="0.000000" m_ty="0.000000"/>
   <element name="dummy" layername="dummy" frame="1" z_index="31" m_a="1.000000" m_b="0.000000" m_c="0.000000" m_d="1.000000" m_tx="0.000000" m_ty="-48.000000"/>
   <element name="swap_body" layername="swap_body" frame="0" z_index="30" m_a="1.000000" m_b="0.000000" m_c="0.000000" m_d="1.000000" m_tx="-0.970874" m_ty="-45.631069"/>
  </frame>
  <frame idx="175" w="154" h="245" x="-12.122752" y="-104.803871">
   <element name="dummy" layername="dummy-2" frame="2" z_index="32" m_a="1.010855" m_b="0.000000" m_c="0.000000" m_d="0.995790" m_tx="0.000000" m_ty="0.000000"/>
   <element name="dummy" layername="dummy" frame="1" z_index="31" m_a="1.058065" m_b="0.000000" m_c="0.000000" m_d="0.920694" m_tx="0.000000" m_ty="-48.000000"/>
   <element name="swap_body" layername="swap_body" frame="0" z_index="30" m_a="1.058065" m_b="0.000000" m_c="0.000000" m_d="0.920694" m_tx="-1.027248" m_ty="-45.818939"/>
  </frame>
  <frame idx="200" w="154" h="229" x="-12.074610" y="-100.676727">
   <element name="dummy" layername="dummy-2" frame="2" z_index="32" m_a="1.010020" m_b="0.000000" m_c="0.000000" m_d="0.996113" m_tx="0.000000" m_ty="0.000000"/>
   <element name="dummy" layername="dummy" frame="1" z_index="31" m_a="1.116130" m_b="0.000000" m_c="0.000000" m_d="0.841387" m_tx="0.000000" m_ty="-48.000000"/>
   <element name="swap_body" layername="swap_body" frame="0" z_index="30" m_a="1.116130" m_b="0.000000" m_c="0.000000" m_d="0.841387" m_tx="-1.083622" m_ty="-46.006809"/>
  </frame>
  <frame idx="225" w="154" h="245" x="-12.122752" y="-104.803871">
   <element name="dummy" layername="dummy-2" frame="2" z_index="32" m_a="1.009185" m_b="0.000000" m_c="0.000000" m_d="0.996437" m_tx="0.000000" m_ty="0.000000"/>
   <element name="dummy" layername="dummy" frame="1" z_index="31" m_a="1.058065" m_b="0.000000" m_c="0.000000" m_d="0.920694" m_tx="0.000000" m_ty="-48.000000"/>
   <element name="swap_body" layername="swap_body" frame="0" z_index="30" m_a="1.058065" m_b="0.000000" m_c="0.000000" m_d="0.920694" m_tx="-1.027248" m_ty="-45.818939"/>
  </frame>
  <frame idx="250" w="154" h="261" x="-12.170894" y="-109.431000">
   <element name="dummy" layername="dummy-2" frame="2" z_index="32" m_a="1.008350" m_b="0.000000" m_c="0.000000" m_d="0.996761" m_tx="0.000000" m_ty="0.000000"/>
   <element name="dummy" layername="dummy" frame="1" z_index="31" m_a="1.000000" m_b="0.000000" m_c="0.000000" m_d="1.000000" m_tx="0.000000" m_ty="-48.000000"/>
   <element name="swap_body" layername="swap_body" frame="0" z_index="30" m_a="1.000000" m_b="0.000000" m_c="0.000000" m_d="1.000000" m_tx="-0.970874" m_ty="-45.631069"/>
  </frame>
  <frame idx="275" w="154" h="261" x="-12.170894" y="-109.431000">
   <element name="dummy" layername="dummy-2" frame="2" z_index="32" m_a="1.007515" m_b="0.000000" m_c="0.000000" m_d="0.997085" m_tx="0.000000" m_ty="0.000000"/>
   <element name="dummy" layername="dummy" frame="1" z_index="31" m_a="1.000000" m_b="0.000000" m_c="0.000000" m_d="1.000000" m_tx="0.000000" m_ty="-48.000000"/>
   <element name="swap_body" layername="swap_body" frame="0" z_index="30" m_a="1.000000" m_b="0.000000" m_c="0.000000" m_d="1.000000" m_tx="-0.970874" m_ty="-45.631069"/>
  </frame>
  <frame idx="300" w="244" h="813" x="-25.536163" y="-480.344513">
   <element name="dummy" layername="dummy-2" frame="2" z_index="32" m_a="1.006680" m_b="0.000000" m_c="0.000000" m_d="0.997409" m_tx="0.000000" m_ty="0.000000"/>
   <element name="dummy" layername="dummy" frame="1" z_index="29" m_a="1.000000" m_b="0.000000" m_c="0.000000" m_d="1.000000" m_tx="0.000000" m_ty="-48.000000"/>
   <element name="dummy" layername="dummy-3" frame="3" z_index="31" m_a="0.295444" m_b="0.000000" m_c="0.000000" m_d="0.559176" m_tx="1.102384" m_ty="-243.646484"/>
   <element name="dummy" layername="dummy" frame="0" z_index="27" m_a="0.711860" m_b="-0.045762" m_c="0.044168" m_d="0.687065" m_tx="0.000000" m_ty="-292.956451"/>
   <element name="swap_body" layername="swap_body" frame="0" z_index="28" m_a="1.000000" m_b="0.000000" m_c="0.000000" m_d="1.000000" m_tx="-0.970874" m_ty="-45.631069"/>
   <element name="swap_hat" layername="swap_hat" frame="0" z_index="26" m_a="0.713329" m_b="0.000000" m_c="0.000000" m_d="0.688483" m_tx="1.383363" m_ty="-292.291016"/>
   <element name="swap_object" layername="swap_object" frame="0" z_index="32" m_a="0.374242" m_b="0.000000" m_c="0.000000" m_d="0.559176" m_tx="31.975517" m_ty="-243.597626"/>
   <element name="lantern_overlay" layername="lantern_overlay" frame="0" z_index="25" m_a="0.374213" m_b="0.004507" m_c="-0.006734" m_d="0.559139" m_tx="31.975519" m_ty="-243.597626"/>
  </frame>
  <frame idx="325" w="392" h="873" x="-39.422844" y="-424.144470">
   <element name="dummy" layername="dummy-2" frame="2" z_index="32" m_a="1.005845" m_b="0.000000" m_c="0.000000" m_d="0.997733" m_tx="0.000000" m_ty="0.000000"/>
   <element name="dummy" layername="dummy" frame="1" z_index="29" m_a="1.000000" m_b="0.000000" m_c="0.000000" m_d="1.000000" m_tx="0.000000" m_ty="-48.000000"/>
   <element name="dummy" layername="dummy-3" frame="3" z_index="31" m_a="0.357195" m_b="0.000000" m_c="0.000000" m_d="0.614279" m_tx="2.466286" m_ty="-199.030792"/>
   <element name="dummy" layername="dummy" frame="0" z_index="27" m_a="0.854900" m_b="-0.054958" m_c="0.054161" m_d="0.842502" m_tx="-0.375940" m_ty="-204.748901"/>
   <element name="swap_body" layername="swap_body" frame="0" z_index="28" m_a="1.000000" m_b="0.000000" m_c="0.000000" m_d="1.000000" m_tx="-0.970874" m_ty="-45.631069"/>
   <element name="swap_hat" layername="swap_hat" frame="0" z_index="26" m_a="0.856665" m_b="0.000000" m_c="0.000000" m_d="0.844241" m_tx="1.286615" m_ty="-203.930740"/>
   <element name="swap_object" layername="swap_object" frame="0" z_index="32" m_a="0.452462" m_b="0.000000" m_c="0.000000" m_d="0.614279" m_tx="39.792171" m_ty="-198.977112"/>
   <element name="lantern_overlay" layername="lantern_overlay" frame="0" z_index="25" m_a="0.687070" m_b="0.008275" m_c="-0.009388" m_d="0.779533" m_tx="39.792175" m_ty="-198.977112"/>
  </frame>
  <frame idx="350" w="555" h="933" x="-54.309521" y="-367.944427">
   <element name="dummy" layername="dummy-2" frame="2" z_index="32" m_a="1.005010" m_b="0.000000" m_c="0.000000" m_d="0.998057" m_tx="0.000000" m_ty="0.000000"/>
   <element name="dummy" layername="dummy" frame="1" z_index="29" m_a="1.000000" m_b="0.000000" m_c="0.000000" m_d="1.000000" m_tx="0.000000" m_ty="-48.000000"/>
   <element name="dummy" layername="dummy-3" frame="3" z_index="31" m_a="0.418945" m_b="0.000000" m_c="0.000000" m_d="0.669382" m_tx="3.830189" m_ty="-154.415100"/>
   <element name="dummy" layername="dummy" frame="0" z_index="27" m_a="0.997940" m_b="-0.064153" m_c="0.064153" m_d="0.997940" m_tx="-0.751880" m_ty="-116.541351"/>
   <element name="swap_body" layername="swap_body" frame="0" z_index="28" m_a="1.000000" m_b="0.000000" m_c="0.000000" m_d="1.000000" m_tx="-0.970874" m_ty="-45.631069"/>
   <element name="swap_hat" layername="swap_hat" frame="0" z_index="26" m_a="1.000000" m_b="0.000000" m_c="0.000000" m_d="1.000000" m_tx="1.189868" m_ty="-115.570473"/>
   <element name="swap_object" layername="swap_object" frame="0" z_index="32" m_a="0.530681" m_b="0.000000" m_c="0.000000" m_d="0.669382" m_tx="47.608826" m_ty="-154.356598"/>
   <element name="lantern_overlay" layername="lantern_overlay" frame="0" z_index="25" m_a="0.999927" m_b="0.012043" m_c="-0.012043" m_d="0.999927" m_tx="47.608829" m_ty="-154.356598"/>
  </frame>
  <frame idx="375" w="580" h="955" x="-56.517509" y="-367.421448">
   <element name="dummy" layername="dummy-2" frame="2" z_index="32" m_a="1.004175" m_b="0.000000" m_c="0.000000" m_d="0.998381" m_tx="0.000000" m_ty="0.000000"/>
   <element name="dummy" layername="dummy" frame="1" z_index="29" m_a="1.000000" m_b="0.000000" m_c="0.000000" m_d="1.000000" m_tx="0.000000" m_ty="-48.000000"/>
   <element name="dummy" layername="dummy-3" frame="3" z_index="31" m_a="0.626737" m_b="0.000000" m_c="0.000000" m_d="0.773553" m_tx="2.415094" m_ty="-128.707550"/>
   <element name="dummy" layername="dummy" frame="0" z_index="27" m_a="1.026917" m_b="-0.066016" m_c="0.063218" m_d="0.983390" m_tx="-0.751880" m_ty="-116.541351"/>
   <element name="swap_body" layername="swap_body" frame="0" z_index="28" m_a="1.000000" m_b="0.000000" m_c="0.000000" m_d="1.000000" m_tx="-0.970874" m_ty="-45.631069"/>
   <element name="swap_hat" layername="swap_hat" frame="0" z_index="26" m_a="1.029037" m_b="0.000000" m_c="0.000000" m_d="0.985420" m_tx="1.243190" m_ty="-115.589874"/>
   <element name="swap_object" layername="swap_object" frame="0" z_index="32" m_a="0.793893" m_b="0.000000" m_c="0.000000" m_d="0.773553" m_tx="67.907394" m_ty="-128.639954"/>
   <element name="lantern_overlay" layername="lantern_overlay" frame="0" z_index="25" m_a="0.999927" m_b="0.012043" m_c="-0.012043" m_d="0.999927" m_tx="67.907394" m_ty="-128.639954"/>
  </frame>
  <frame idx="400" w="604" h="975" x="-58.725502" y="-366.398468">
   <element name="dummy" layername="dummy-2" frame="2" z_index="32" m_a="1.003340" m_b="0.000000" m_c="0.000000" m_d="0.998704" m_tx="0.000000" m_ty="0.000000"/>
   <element name="dummy" layername="dummy" frame="1" z_index="29" m_a="1.000000" m_b="0.000000" m_c="0.000000" m_d="1.000000" m_tx="0.000000" m_ty="-48.000000"/>
   <element name="dummy" layername="dummy-3" frame="3" z_index="31" m_a="0.834528" m_b="0.000000" m_c="0.000000" m_d="0.877725" m_tx="1.000000" m_ty="-103.000000"/>
   <element name="dummy" layername="dummy" frame="0" z_index="27" m_a="1.055893" m_b="-0.067879" m_c="0.062283" m_d="0.968840" m_tx="-0.751880" m_ty="-116.541351"/>
   <element name="swap_body" layername="swap_body" frame="0" z_index="28" m_a="1.000000" m_b="0.000000" m_c="0.000000" m_d="1.000000" m_tx="-0.970874" m_ty="-45.631069"/>
   <element name="swap_hat" layername="swap_hat" frame="0" z_index="26" m_a="1.058073" m_b="0.000000" m_c="0.000000" m_d="0.970840" m_tx="1.296511" m_ty="-115.609283"/>
   <element name="swap_object" layername="swap_object" frame="0" z_index="32" m_a="1.057104" m_b="0.000000" m_c="0.000000" m_d="0.877725" m_tx="88.205956" m_ty="-102.923302"/>
   <element name="lantern_overlay" layername="lantern_overlay" frame="0" z_index="25" m_a="0.999927" m_b="0.012043" m_c="-0.012043" m_d="0.999927" m_tx="88.205963" m_ty="-102.923302"/>
  </frame>
  <frame idx="425" w="602" h="976" x="-58.517509" y="-368.921448">
   <element name="dummy" layername="dummy-2" frame="2" z_index="32" m_a="1.002505" m_b="0.000000" m_c="0.000000" m_d="0.999028" m_tx="0.000000" m_ty="0.000000"/>
   <element name="dummy" layername="dummy" frame="1" z_index="29" m_a="1.000000" m_b="0.000000" m_c="0.000000" m_d="1.000000" m_tx="0.000000" m_ty="-48.000000"/>
   <element name="dummy" layername="dummy-3" frame="3" z_index="31" m_a="0.811988" m_b="0.000000" m_c="0.000000" m_d="0.938863" m_tx="1.000000" m_ty="-103.000000"/>
   <element name="dummy" layername="dummy" frame="0" z_index="27" m_a="1.026917" m_b="-0.066016" m_c="0.063218" m_d="0.983390" m_tx="-0.751880" m_ty="-116.541351"/>
   <element name="swap_body" layername="swap_body" frame="0" z_index="28" m_a="1.000000" m_b="0.000000" m_c="0.000000" m_d="1.000000" m_tx="-0.970874" m_ty="-45.631069"/>
   <element name="swap_hat" layername="swap_hat" frame="0" z_index="26" m_a="1.029037" m_b="0.000000" m_c="0.000000" m_d="0.985420" m_tx="1.243190" m_ty="-115.589874"/>
   <element name="swap_object" layername="swap_object" frame="0" z_index="32" m_a="1.028552" m_b="0.000000" m_c="0.000000" m_d="0.938863" m_tx="85.850555" m_ty="-102.917961"/>
   <element name="lantern_overlay" layername="lantern_overlay" frame="0" z_index="25" m_a="0.999927" m_b="0.012043" m_c="-0.012043" m_d="0.999927" m_tx="85.850555" m_ty="-102.917961"/>
  </frame>
  <frame idx="450" w="598" h="976" x="-57.809521" y="-371.444427">
   <element name="dummy" layername="dummy-2" frame="2" z_index="32" m_a="1.001670" m_b="0.000000" m_c="0.000000" m_d="0.999352" m_tx="0.000000" m_ty="0.000000"/>
   <element name="dummy" layername="dummy" frame="1" z_index="29" m_a="1.000000" m_b="0.000000" m_c="0.000000" m_d="1.000000" m_tx="0.000000" m_ty="-48.000000"/>
   <element name="dummy" layername="dummy-3" frame="3" z_index="31" m_a="0.789447" m_b="0.000000" m_c="0.000000" m_d="1.000000" m_tx="1.000000" m_ty="-103.000000"/>
   <element name="dummy" layername="dummy" frame="0" z_index="27" m_a="0.997940" m_b="-0.064153" m_c="0.064153" m_d="0.997940" m_tx="-0.751880" m_ty="-116.541351"/>
   <element name="swap_body" layername="swap_body" frame="0" z_index="28" m_a="1.000000" m_b="0.000000" m_c="0.000000" m_d="1.000000" m_tx="-0.970874" m_ty="-45.631069"/>
   <element name="swap_hat" layername="swap_hat" frame="0" z_index="26" m_a="1.000000" m_b="0.000000" m_c="0.000000" m_d="1.000000" m_tx="1.189868" m_ty="-115.570473"/>
   <element name="swap_object" layername="swap_object" frame="0" z_index="32" m_a="1.000000" m_b="0.000000" m_c="0.000000" m_d="1.000000" m_tx="83.495148" m_ty="-102.912621"/>
   <element name="lantern_overlay" layername="lantern_overlay" frame="0" z_index="25" m_a="0.999927" m_b="0.012043" m_c="-0.012043" m_d="0.999927" m_tx="83.495148" m_ty="-102.912621"/>
  </frame>
  <frame idx="475" w="598" h="976" x="-57.809521" y="-371.444427">
   <element name="dummy" layername="dummy-2" frame="2" z_index="32" m_a="1.000835" m_b="0.000000" m_c="0.000000" m_d="0.999676" m_tx="0.000000" m_ty="0.000000"/>
   <element name="dummy" layername="dummy" frame="1" z_index="29" m_a="1.000000" m_b="0.000000" m_c="0.000000" m_d="1.000000" m_tx="0.000000" m_ty="-48.000000"/>
   <element name="dummy" layername="dummy-3" frame="3" z_index="31" m_a="0.789447" m_b="0.000000" m_c="0.000000" m_d="1.000000" m_tx="1.000000" m_ty="-103.000000"/>
   <element name="dummy" layername="dummy" frame="0" z_index="27" m_a="0.997940" m_b="-0.064153" m_c="0.064153" m_d="0.997940" m_tx="-0.751880" m_ty="-116.541351"/>
   <element name="swap_body" layername="swap_body" frame="0" z_index="28" m_a="1.000000" m_b="0.000000" m_c="0.000000" m_d="1.000000" m_tx="-0.970874" m_ty="-45.631069"/>
   <element name="swap_hat" layername="swap_hat" frame="0" z_index="26" m_a="1.000000" m_b="0.000000" m_c="0.000000" m_d="1.000000" m_tx="1.189868" m_ty="-115.570473"/>
   <element name="swap_object" layername="swap_object" frame="0" z_index="32" m_a="1.000000" m_b="0.000000" m_c="0.000000" m_d="1.000000" m_tx="83.495148" m_ty="-102.912621"/>
   <element name="lantern_overlay" layername="lantern_overlay" frame="0" z_index="25" m_a="0.999927" m_b="0.012043" m_c="-0.012043" m_d="0.999927" m_tx="83.495148" m_ty="-102.912621"/>
  </frame>
 </anim>
</Anims>
