<Anims>
 <anim name="anim" root="dummy" numframes="100" framerate="40">
  <frame idx="0" w="603" h="971" x="-58.309586" y="-370.944427">
   <element name="dummy" layername="dummy-2" frame="2" z_index="38" m_a="1.000000" m_b="-0.000000" m_c="0.000000" m_d="1.000000" m_tx="-0.000001" m_ty="0.000000"/>
   <element name="dummy" layername="dummy" frame="1" z_index="37" m_a="1.000000" m_b="-0.000000" m_c="0.000000" m_d="1.000000" m_tx="-0.000005" m_ty="-48.000000"/>
   <element name="dummy" layername="dummy-3" frame="3" z_index="39" m_a="0.789447" m_b="-0.000000" m_c="0.000000" m_d="1.000000" m_tx="0.999982" m_ty="-103.000000"/>
   <element name="dummy" layername="dummy" frame="0" z_index="35" m_a="0.997940" m_b="-0.064154" m_c="0.064154" m_d="0.997940" m_tx="-0.751899" m_ty="-116.541351"/>
   <element name="swap_body" layername="swap_body" frame="0" z_index="36" m_a="1.000000" m_b="-0.000000" m_c="0.000000" m_d="1.000000" m_tx="-0.970879" m_ty="-45.631069"/>
   <element name="swap_hat" layername="swap_hat" frame="0" z_index="34" m_a="1.000000" m_b="-0.000000" m_c="0.000000" m_d="1.000000" m_tx="1.189863" m_ty="-115.570480"/>
   <element name="swap_object" layername="swap_object" frame="0" z_index="40" m_a="1.000000" m_b="-0.000000" m_c="0.000000" m_d="1.000000" m_tx="83.495132" m_ty="-102.912598"/>
   <element name="lantern_overlay" layername="lantern_overlay" frame="0" z_index="33" m_a="1.000000" m_b="-0.000000" m_c="0.000000" m_d="1.000000" m_tx="83.495132" m_ty="-102.912598"/>
  </frame>
  <frame idx="25" w="603" h="971" x="-58.309586" y="-370.944427">
   <element name="dummy" layername="dummy-2" frame="2" z_index="38" m_a="1.000000" m_b="-0.000000" m_c="0.000000" m_d="1.000000" m_tx="-0.000001" m_ty="0.000000"/>
   <element name="dummy" layername="dummy" frame="1" z_index="37" m_a="1.000000" m_b="-0.000000" m_c="0.000000" m_d="1.000000" m_tx="-0.000005" m_ty="-48.000000"/>
   <element name="dummy" layername="dummy-3" frame="3" z_index="39" m_a="0.789447" m_b="-0.000000" m_c="0.000000" m_d="1.000000" m_tx="0.999982" m_ty="-103.000000"/>
   <element name="dummy" layername="dummy" frame="0" z_index="35" m_a="0.997940" m_b="-0.064154" m_c="0.064154" m_d="0.997940" m_tx="-0.751899" m_ty="-116.541351"/>
   <element name="swap_body" layername="swap_body" frame="0" z_index="36" m_a="1.000000" m_b="-0.000000" m_c="0.000000" m_d="1.000000" m_tx="-0.970879" m_ty="-45.631069"/>
   <element name="swap_hat" layername="swap_hat" frame="0" z_index="34" m_a="1.000000" m_b="-0.000000" m_c="0.000000" m_d="1.000000" m_tx="1.189863" m_ty="-115.570480"/>
   <element name="swap_object" layername="swap_object" frame="0" z_index="40" m_a="1.000000" m_b="-0.000000" m_c="0.000000" m_d="1.000000" m_tx="83.495132" m_ty="-102.912598"/>
   <element name="lantern_overlay" layername="lantern_overlay" frame="0" z_index="33" m_a="1.000000" m_b="-0.000000" m_c="0.000000" m_d="1.000000" m_tx="83.495132" m_ty="-102.912598"/>
  </frame>
  <frame idx="50" w="603" h="971" x="-58.309586" y="-370.944427">
   <element name="dummy" layername="dummy-2" frame="2" z_index="38" m_a="1.000000" m_b="-0.000000" m_c="0.000000" m_d="1.000000" m_tx="-0.000001" m_ty="0.000000"/>
   <element name="dummy" layername="dummy" frame="1" z_index="37" m_a="1.000000" m_b="-0.000000" m_c="0.000000" m_d="1.000000" m_tx="-0.000005" m_ty="-48.000000"/>
   <element name="dummy" layername="dummy-3" frame="3" z_index="39" m_a="0.789447" m_b="-0.000000" m_c="0.000000" m_d="1.000000" m_tx="0.999982" m_ty="-103.000000"/>
   <element name="dummy" layername="dummy" frame="0" z_index="35" m_a="0.997940" m_b="-0.064154" m_c="0.064154" m_d="0.997940" m_tx="-0.751899" m_ty="-116.541351"/>
   <element name="swap_body" layername="swap_body" frame="0" z_index="36" m_a="1.000000" m_b="-0.000000" m_c="0.000000" m_d="1.000000" m_tx="-0.970879" m_ty="-45.631069"/>
   <element name="swap_hat" layername="swap_hat" frame="0" z_index="34" m_a="1.000000" m_b="-0.000000" m_c="0.000000" m_d="1.000000" m_tx="1.189863" m_ty="-115.570480"/>
   <element name="swap_object" layername="swap_object" frame="0" z_index="40" m_a="1.000000" m_b="-0.000000" m_c="0.000000" m_d="1.000000" m_tx="83.495132" m_ty="-102.912598"/>
   <element name="lantern_overlay" layername="lantern_overlay" frame="0" z_index="33" m_a="1.000000" m_b="-0.000000" m_c="0.000000" m_d="1.000000" m_tx="83.495132" m_ty="-102.912598"/>
  </frame>
  <frame idx="75" w="603" h="971" x="-58.309586" y="-370.944427">
   <element name="dummy" layername="dummy-2" frame="2" z_index="38" m_a="1.000000" m_b="-0.000000" m_c="0.000000" m_d="1.000000" m_tx="-0.000001" m_ty="0.000000"/>
   <element name="dummy" layername="dummy" frame="1" z_index="37" m_a="1.000000" m_b="-0.000000" m_c="0.000000" m_d="1.000000" m_tx="-0.000005" m_ty="-48.000000"/>
   <element name="dummy" layername="dummy-3" frame="3" z_index="39" m_a="0.789447" m_b="-0.000000" m_c="0.000000" m_d="1.000000" m_tx="0.999982" m_ty="-103.000000"/>
   <element name="dummy" layername="dummy" frame="0" z_index="35" m_a="0.997940" m_b="-0.064154" m_c="0.064154" m_d="0.997940" m_tx="-0.751899" m_ty="-116.541351"/>
   <element name="swap_body" layername="swap_body" frame="0" z_index="36" m_a="1.000000" m_b="-0.000000" m_c="0.000000" m_d="1.000000" m_tx="-0.970879" m_ty="-45.631069"/>
   <element name="swap_hat" layername="swap_hat" frame="0" z_index="34" m_a="1.000000" m_b="-0.000000" m_c="0.000000" m_d="1.000000" m_tx="1.189863" m_ty="-115.570480"/>
   <element name="swap_object" layername="swap_object" frame="0" z_index="40" m_a="1.000000" m_b="-0.000000" m_c="0.000000" m_d="1.000000" m_tx="83.495132" m_ty="-102.912598"/>
   <element name="lantern_overlay" layername="lantern_overlay" frame="0" z_index="33" m_a="1.000000" m_b="-0.000000" m_c="0.000000" m_d="1.000000" m_tx="83.495132" m_ty="-102.912598"/>
  </frame>
 </anim>
 <anim name="open" root="dummy" numframes="250" framerate="40">
  <frame idx="0" w="603" h="971" x="-58.309586" y="-370.944427">
   <element name="dummy" layername="dummy-2" frame="2" z_index="38" m_a="1.000000" m_b="-0.000000" m_c="0.000000" m_d="1.000000" m_tx="-0.000001" m_ty="0.000000"/>
   <element name="dummy" layername="dummy" frame="1" z_index="37" m_a="1.000000" m_b="-0.000000" m_c="0.000000" m_d="1.000000" m_tx="-0.000005" m_ty="-48.000000"/>
   <element name="dummy" layername="dummy-3" frame="3" z_index="39" m_a="0.789447" m_b="-0.000000" m_c="0.000000" m_d="1.000000" m_tx="0.999982" m_ty="-103.000000"/>
   <element name="dummy" layername="dummy" frame="0" z_index="35" m_a="0.997940" m_b="-0.064154" m_c="0.064154" m_d="0.997940" m_tx="-0.751899" m_ty="-116.541351"/>
   <element name="swap_body" layername="swap_body" frame="0" z_index="36" m_a="1.000000" m_b="-0.000000" m_c="0.000000" m_d="1.000000" m_tx="-0.970879" m_ty="-45.631069"/>
   <element name="swap_hat" layername="swap_hat" frame="0" z_index="34" m_a="1.000000" m_b="-0.000000" m_c="0.000000" m_d="1.000000" m_tx="1.189863" m_ty="-115.570480"/>
   <element name="swap_object" layername="swap_object" frame="0" z_index="40" m_a="1.000000" m_b="-0.000000" m_c="0.000000" m_d="1.000000" m_tx="83.495132" m_ty="-102.912598"/>
   <element name="lantern_overlay" layername="lantern_overlay" frame="0" z_index="33" m_a="1.000000" m_b="-0.000000" m_c="0.000000" m_d="1.000000" m_tx="83.495132" m_ty="-102.912598"/>
  </frame>
  <frame idx="25" w="590" h="981" x="-57.310719" y="-369.456909">
   <element name="dummy" layername="dummy-2" frame="2" z_index="38" m_a="1.000000" m_b="-0.000000" m_c="0.000000" m_d="1.000000" m_tx="-0.000001" m_ty="0.000000"/>
   <element name="dummy" layername="dummy" frame="1" z_index="37" m_a="1.000000" m_b="-0.000000" m_c="0.000000" m_d="1.000000" m_tx="-0.000005" m_ty="-47.096386"/>
   <element name="dummy" layername="dummy-3" frame="3" z_index="39" m_a="0.789072" m_b="0.024325" m_c="-0.030812" m_d="0.999525" m_tx="0.956999" m_ty="-102.066223"/>
   <element name="dummy" layername="dummy" frame="0" z_index="35" m_a="0.997940" m_b="-0.064154" m_c="0.063815" m_d="0.992677" m_tx="-0.751899" m_ty="-115.637733"/>
   <element name="swap_body" layername="swap_body" frame="0" z_index="36" m_a="1.000000" m_b="-0.000000" m_c="0.000000" m_d="0.974694" m_tx="-0.970879" m_ty="-44.727455"/>
   <element name="swap_hat" layername="swap_hat" frame="0" z_index="34" m_a="1.000000" m_b="-0.000000" m_c="0.000000" m_d="0.994726" m_tx="1.188732" m_ty="-114.002640"/>
   <element name="swap_object" layername="swap_object" frame="0" z_index="40" m_a="0.999525" m_b="0.030812" m_c="-0.030812" m_d="0.999525" m_tx="83.410286" m_ty="-99.437004"/>
   <element name="lantern_overlay" layername="lantern_overlay" frame="0" z_index="33" m_a="0.999525" m_b="0.030812" m_c="-0.030812" m_d="0.999525" m_tx="83.410286" m_ty="-99.437004"/>
  </frame>
  <frame idx="50" w="575" h="989" x="-55.811852" y="-367.469452">
   <element name="dummy" layername="dummy-2" frame="2" z_index="38" m_a="1.000000" m_b="-0.000000" m_c="0.000000" m_d="1.000000" m_tx="-0.000001" m_ty="0.000000"/>
   <element name="dummy" layername="dummy" frame="1" z_index="37" m_a="1.000000" m_b="-0.000000" m_c="0.000000" m_d="1.000000" m_tx="-0.000005" m_ty="-46.192772"/>
   <element name="dummy" layername="dummy-3" frame="3" z_index="39" m_a="0.787948" m_b="0.048627" m_c="-0.061597" m_d="0.998101" m_tx="0.913106" m_ty="-101.133797"/>
   <element name="dummy" layername="dummy" frame="0" z_index="35" m_a="0.997940" m_b="-0.064154" m_c="0.063477" m_d="0.987414" m_tx="-0.751899" m_ty="-114.734123"/>
   <element name="swap_body" layername="swap_body" frame="0" z_index="36" m_a="1.000000" m_b="-0.000000" m_c="0.000000" m_d="0.949387" m_tx="-0.970878" m_ty="-43.823841"/>
   <element name="swap_hat" layername="swap_hat" frame="0" z_index="34" m_a="1.000000" m_b="-0.000000" m_c="0.000000" m_d="0.989452" m_tx="1.187600" m_ty="-112.434822"/>
   <element name="swap_object" layername="swap_object" frame="0" z_index="40" m_a="0.998101" m_b="0.061597" m_c="-0.061597" m_d="0.998101" m_tx="83.246216" m_ty="-95.965103"/>
   <element name="lantern_overlay" layername="lantern_overlay" frame="0" z_index="33" m_a="0.998101" m_b="0.061597" m_c="-0.061597" m_d="0.998101" m_tx="83.246216" m_ty="-95.965103"/>
  </frame>
  <frame idx="75" w="561" h="998" x="-54.812981" y="-365.981934">
   <element name="dummy" layername="dummy-2" frame="2" z_index="38" m_a="1.000000" m_b="-0.000000" m_c="0.000000" m_d="1.000000" m_tx="-0.000001" m_ty="0.000000"/>
   <element name="dummy" layername="dummy" frame="1" z_index="37" m_a="1.000000" m_b="-0.000000" m_c="0.000000" m_d="1.000000" m_tx="-0.000005" m_ty="-45.289158"/>
   <element name="dummy" layername="dummy-3" frame="3" z_index="39" m_a="0.786075" m_b="0.072883" m_c="-0.092321" m_d="0.995729" m_tx="0.868346" m_ty="-100.202721"/>
   <element name="dummy" layername="dummy" frame="0" z_index="35" m_a="0.997940" m_b="-0.064154" m_c="0.063139" m_d="0.982150" m_tx="-0.751899" m_ty="-113.830505"/>
   <element name="swap_body" layername="swap_body" frame="0" z_index="36" m_a="1.000000" m_b="-0.000000" m_c="0.000000" m_d="0.924081" m_tx="-0.970878" m_ty="-42.920227"/>
   <element name="swap_hat" layername="swap_hat" frame="0" z_index="34" m_a="1.000000" m_b="-0.000000" m_c="0.000000" m_d="0.984178" m_tx="1.186469" m_ty="-110.866989"/>
   <element name="swap_object" layername="swap_object" frame="0" z_index="40" m_a="0.995729" m_b="0.092321" m_c="-0.092321" m_d="0.995729" m_tx="83.003105" m_ty="-92.499550"/>
   <element name="lantern_overlay" layername="lantern_overlay" frame="0" z_index="33" m_a="0.995729" m_b="0.092321" m_c="-0.092321" m_d="0.995729" m_tx="83.003105" m_ty="-92.499550"/>
  </frame>
  <frame idx="100" w="542" h="1016" x="-53.312714" y="-369.591583">
   <element name="dummy" layername="dummy-2" frame="2" z_index="38" m_a="1.000000" m_b="-0.000000" m_c="0.000000" m_d="1.000000" m_tx="-0.000001" m_ty="0.000000"/>
   <element name="dummy" layername="dummy" frame="1" z_index="37" m_a="1.000000" m_b="-0.000000" m_c="0.000000" m_d="1.000000" m_tx="-0.000005" m_ty="-46.587349"/>
   <element name="dummy" layername="dummy-3" frame="3" z_index="39" m_a="0.787817" m_b="0.050707" m_c="-0.064231" m_d="0.997935" m_tx="0.909305" m_ty="-101.525963"/>
   <element name="dummy" layername="dummy" frame="0" z_index="35" m_a="0.997940" m_b="-0.064154" m_c="0.063690" m_d="0.990720" m_tx="-0.751899" m_ty="-115.128700"/>
   <element name="swap_body" layername="swap_body" frame="0" z_index="36" m_a="1.000000" m_b="-0.000000" m_c="0.000000" m_d="0.947294" m_tx="-0.970879" m_ty="-44.218418"/>
   <element name="swap_hat" layername="swap_hat" frame="0" z_index="34" m_a="1.000000" m_b="-0.000000" m_c="0.000000" m_d="0.992765" m_tx="1.186737" m_ty="-111.479179"/>
   <element name="swap_object" layername="swap_object" frame="0" z_index="40" m_a="0.991183" m_b="0.132498" m_c="-0.132498" m_d="0.991183" m_tx="83.051964" m_ty="-95.886284"/>
   <element name="lantern_overlay" layername="lantern_overlay" frame="0" z_index="33" m_a="0.991183" m_b="0.132498" m_c="-0.132498" m_d="0.991183" m_tx="83.051964" m_ty="-95.886284"/>
  </frame>
  <frame idx="125" w="563" h="1006" x="-54.811787" y="-374.240509">
   <element name="dummy" layername="dummy-2" frame="2" z_index="38" m_a="1.000000" m_b="-0.000000" m_c="0.000000" m_d="1.000000" m_tx="-0.000001" m_ty="0.000000"/>
   <element name="dummy" layername="dummy" frame="1" z_index="37" m_a="1.000000" m_b="-0.000000" m_c="0.000000" m_d="1.000000" m_tx="-0.000005" m_ty="-48.921688"/>
   <element name="dummy" layername="dummy-3" frame="3" z_index="39" m_a="0.789420" m_b="0.006580" m_c="-0.008335" m_d="0.999965" m_tx="0.988447" m_ty="-103.913399"/>
   <element name="dummy" layername="dummy" frame="0" z_index="35" m_a="0.997940" m_b="-0.064154" m_c="0.064659" m_d="1.005800" m_tx="-0.751899" m_ty="-117.463036"/>
   <element name="swap_body" layername="swap_body" frame="0" z_index="36" m_a="1.000000" m_b="-0.000000" m_c="0.000000" m_d="0.993338" m_tx="-0.970879" m_ty="-46.552757"/>
   <element name="swap_hat" layername="swap_hat" frame="0" z_index="34" m_a="1.000000" m_b="-0.000000" m_c="0.000000" m_d="1.007876" m_tx="1.187664" m_ty="-114.493156"/>
   <element name="swap_object" layername="swap_object" frame="0" z_index="40" m_a="0.996120" m_b="0.088007" m_c="-0.088007" m_d="0.996120" m_tx="83.289848" m_ty="-102.833412"/>
   <element name="lantern_overlay" layername="lantern_overlay" frame="0" z_index="33" m_a="0.996120" m_b="0.088007" m_c="-0.088007" m_d="0.996120" m_tx="83.289848" m_ty="-102.833412"/>
  </frame>
  <frame idx="150" w="610" h="971" x="-58.810860" y="-377.806641">
   <element name="dummy" layername="dummy-2" frame="2" z_index="38" m_a="1.000000" m_b="-0.000000" m_c="0.000000" m_d="1.000000" m_tx="-0.000001" m_ty="0.000000"/>
   <element name="dummy" layername="dummy" frame="1" z_index="37" m_a="1.000000" m_b="-0.000000" m_c="0.000000" m_d="1.000000" m_tx="-0.000005" m_ty="-51.256023"/>
   <element name="dummy" layername="dummy-3" frame="3" z_index="39" m_a="0.788553" m_b="-0.037566" m_c="0.047586" m_d="0.998867" m_tx="1.064496" m_ty="-106.305168"/>
   <element name="dummy" layername="dummy" frame="0" z_index="35" m_a="0.997940" m_b="-0.064154" m_c="0.065629" m_d="1.020880" m_tx="-0.751899" m_ty="-119.797371"/>
   <element name="swap_body" layername="swap_body" frame="0" z_index="36" m_a="1.000000" m_b="-0.000000" m_c="0.000000" m_d="1.039383" m_tx="-0.970879" m_ty="-48.887093"/>
   <element name="swap_hat" layername="swap_hat" frame="0" z_index="34" m_a="1.000000" m_b="-0.000000" m_c="0.000000" m_d="1.022987" m_tx="1.188590" m_ty="-118.424370"/>
   <element name="swap_object" layername="swap_object" frame="0" z_index="40" m_a="0.999864" m_b="-0.016467" m_c="0.016467" m_d="0.999864" m_tx="83.405907" m_ty="-110.018860"/>
   <element name="lantern_overlay" layername="lantern_overlay" frame="0" z_index="33" m_a="0.999864" m_b="-0.016467" m_c="0.016467" m_d="0.999864" m_tx="83.405914" m_ty="-110.018860"/>
  </frame>
  <frame idx="175" w="642" h="939" x="-61.310196" y="-378.968842">
   <element name="dummy" layername="dummy-2" frame="2" z_index="38" m_a="1.000000" m_b="-0.000000" m_c="0.000000" m_d="1.000000" m_tx="-0.000001" m_ty="0.000000"/>
   <element name="dummy" layername="dummy" frame="1" z_index="37" m_a="1.000000" m_b="-0.000000" m_c="0.000000" m_d="1.000000" m_tx="-0.000005" m_ty="-52.241070"/>
   <element name="dummy" layername="dummy-3" frame="3" z_index="39" m_a="0.787259" m_b="-0.058735" m_c="0.074400" m_d="0.997229" m_tx="1.099849" m_ty="-107.319290"/>
   <element name="dummy" layername="dummy" frame="0" z_index="35" m_a="0.997940" m_b="-0.064154" m_c="0.066024" m_d="1.027039" m_tx="-0.751899" m_ty="-120.782417"/>
   <element name="swap_body" layername="swap_body" frame="0" z_index="36" m_a="1.000000" m_b="-0.000000" m_c="0.000000" m_d="1.061475" m_tx="-0.970879" m_ty="-49.872139"/>
   <element name="swap_hat" layername="swap_hat" frame="0" z_index="34" m_a="1.000000" m_b="-0.000000" m_c="0.000000" m_d="1.029159" m_tx="1.189257" m_ty="-121.010330"/>
   <element name="swap_object" layername="swap_object" frame="0" z_index="40" m_a="0.995241" m_b="-0.097448" m_c="0.097448" m_d="0.995241" m_tx="83.415680" m_ty="-113.464767"/>
   <element name="lantern_overlay" layername="lantern_overlay" frame="0" z_index="33" m_a="0.995241" m_b="-0.097448" m_c="0.097448" m_d="0.995241" m_tx="83.415688" m_ty="-113.464767"/>
  </frame>
  <frame idx="200" w="658" h="919" x="-62.809994" y="-375.968445">
   <element name="dummy" layername="dummy-2" frame="2" z_index="38" m_a="1.000000" m_b="-0.000000" m_c="0.000000" m_d="1.000000" m_tx="-0.000001" m_ty="0.000000"/>
   <element name="dummy" layername="dummy" frame="1" z_index="37" m_a="1.000000" m_b="-0.000000" m_c="0.000000" m_d="1.000000" m_tx="-0.000005" m_ty="-50.827381"/>
   <element name="dummy" layername="dummy-3" frame="3" z_index="39" m_a="0.788474" m_b="-0.039177" m_c="0.049626" m_d="0.998768" m_tx="1.067211" m_ty="-105.878700"/>
   <element name="dummy" layername="dummy" frame="0" z_index="35" m_a="0.997940" m_b="-0.064154" m_c="0.065401" m_d="1.017339" m_tx="-0.751899" m_ty="-119.368729"/>
   <element name="swap_body" layername="swap_body" frame="0" z_index="36" m_a="1.000000" m_b="-0.000000" m_c="0.000000" m_d="1.040983" m_tx="-0.970879" m_ty="-48.458450"/>
   <element name="swap_hat" layername="swap_hat" frame="0" z_index="34" m_a="1.000000" m_b="-0.000000" m_c="0.000000" m_d="1.019439" m_tx="1.189459" m_ty="-121.204811"/>
   <element name="swap_object" layername="swap_object" frame="0" z_index="40" m_a="0.990624" m_b="-0.136618" m_c="0.136618" m_d="0.990624" m_tx="83.624130" m_ty="-110.245346"/>
   <element name="lantern_overlay" layername="lantern_overlay" frame="0" z_index="33" m_a="0.990624" m_b="-0.136618" m_c="0.136618" m_d="0.990624" m_tx="83.624130" m_ty="-110.245346"/>
  </frame>
  <frame idx="225" w="634" h="943" x="-60.809792" y="-373.648651">
   <element name="dummy" layername="dummy-2" frame="2" z_index="38" m_a="1.000000" m_b="-0.000000" m_c="0.000000" m_d="1.000000" m_tx="-0.000001" m_ty="0.000000"/>
   <element name="dummy" layername="dummy" frame="1" z_index="37" m_a="1.000000" m_b="-0.000000" m_c="0.000000" m_d="1.000000" m_tx="-0.000005" m_ty="-49.413689"/>
   <element name="dummy" layername="dummy-3" frame="3" z_index="39" m_a="0.789204" m_b="-0.019594" m_c="0.024820" m_d="0.999692" m_tx="1.033915" m_ty="-104.438934"/>
   <element name="dummy" layername="dummy" frame="0" z_index="35" m_a="0.997940" m_b="-0.064154" m_c="0.064777" m_d="1.007640" m_tx="-0.751899" m_ty="-117.955040"/>
   <element name="swap_body" layername="swap_body" frame="0" z_index="36" m_a="1.000000" m_b="-0.000000" m_c="0.000000" m_d="1.020492" m_tx="-0.970879" m_ty="-47.044758"/>
   <element name="swap_hat" layername="swap_hat" frame="0" z_index="34" m_a="1.000000" m_b="-0.000000" m_c="0.000000" m_d="1.009720" m_tx="1.189661" m_ty="-118.579872"/>
   <element name="swap_object" layername="swap_object" frame="0" z_index="40" m_a="0.997158" m_b="-0.075341" m_c="0.075341" m_d="0.997158" m_tx="83.606834" m_ty="-106.603416"/>
   <element name="lantern_overlay" layername="lantern_overlay" frame="0" z_index="33" m_a="0.997158" m_b="-0.075341" m_c="0.075341" m_d="0.997158" m_tx="83.606842" m_ty="-106.603416"/>
  </frame>
 </anim>
 <anim name="hit" root="dummy" numframes="225" framerate="40">
  <frame idx="0" w="603" h="971" x="-58.309586" y="-370.944427">
   <element name="dummy" layername="dummy-2" frame="2" z_index="38" m_a="1.000000" m_b="-0.000000" m_c="0.000000" m_d="1.000000" m_tx="-0.000001" m_ty="0.000000"/>
   <element name="dummy" layername="dummy" frame="1" z_index="37" m_a="1.000000" m_b="-0.000000" m_c="0.000000" m_d="1.000000" m_tx="-0.000005" m_ty="-48.000000"/>
   <element name="dummy" layername="dummy-3" frame="3" z_index="39" m_a="0.789447" m_b="-0.000000" m_c="0.000000" m_d="1.000000" m_tx="0.999982" m_ty="-103.000000"/>
   <element name="dummy" layername="dummy" frame="0" z_index="35" m_a="0.997940" m_b="-0.064154" m_c="0.064154" m_d="0.997940" m_tx="-0.751899" m_ty="-116.541351"/>
   <element name="swap_body" layername="swap_body" frame="0" z_index="36" m_a="1.000000" m_b="-0.000000" m_c="0.000000" m_d="1.000000" m_tx="-0.970879" m_ty="-45.631069"/>
   <element name="swap_hat" layername="swap_hat" frame="0" z_index="34" m_a="1.000000" m_b="-0.000000" m_c="0.000000" m_d="1.000000" m_tx="1.189863" m_ty="-115.570480"/>
   <element name="swap_object" layername="swap_object" frame="0" z_index="40" m_a="1.000000" m_b="-0.000000" m_c="0.000000" m_d="1.000000" m_tx="83.495132" m_ty="-102.912598"/>
   <element name="lantern_overlay" layername="lantern_overlay" frame="0" z_index="33" m_a="1.000000" m_b="-0.000000" m_c="0.000000" m_d="1.000000" m_tx="83.495132" m_ty="-102.912598"/>
  </frame>
  <frame idx="25" w="569" h="998" x="-45.407791" y="-373.681335">
   <element name="dummy" layername="dummy-2" frame="2" z_index="38" m_a="0.999665" m_b="0.025872" m_c="-0.025872" m_d="0.999665" m_tx="0.510369" m_ty="-0.031172"/>
   <element name="dummy" layername="dummy" frame="1" z_index="37" m_a="0.999728" m_b="0.023340" m_c="-0.023340" m_d="0.999728" m_tx="1.723083" m_ty="-48.015820"/>
   <element name="dummy" layername="dummy-3" frame="3" z_index="39" m_a="0.788609" m_b="0.036369" m_c="-0.046069" m_d="0.998938" m_tx="3.974355" m_ty="-102.955856"/>
   <element name="dummy" layername="dummy" frame="0" z_index="35" m_a="0.999166" m_b="-0.040844" m_c="0.040844" m_d="0.999166" m_tx="2.571150" m_ty="-116.556046"/>
   <element name="swap_body" layername="swap_body" frame="0" z_index="36" m_a="0.999728" m_b="0.023340" m_c="-0.023340" m_d="0.999728" m_tx="0.697183" m_ty="-45.670193"/>
   <element name="swap_hat" layername="swap_hat" frame="0" z_index="34" m_a="0.998651" m_b="0.051921" m_c="-0.051921" m_d="0.998651" m_tx="2.095408" m_ty="-115.575333"/>
   <element name="swap_object" layername="swap_object" frame="0" z_index="40" m_a="0.998387" m_b="0.056782" m_c="-0.056782" m_d="0.998387" m_tx="86.352188" m_ty="-99.027229"/>
   <element name="lantern_overlay" layername="lantern_overlay" frame="0" z_index="33" m_a="0.998387" m_b="0.056782" m_c="-0.056782" m_d="0.998387" m_tx="86.352188" m_ty="-99.027229"/>
  </frame>
  <frame idx="50" w="545" h="1023" x="-42.316051" y="-375.546692">
   <element name="dummy" layername="dummy-2" frame="2" z_index="38" m_a="0.998661" m_b="0.051726" m_c="-0.051726" m_d="0.998661" m_tx="1.021376" m_ty="-0.049129"/>
   <element name="dummy" layername="dummy" frame="1" z_index="37" m_a="0.998910" m_b="0.046668" m_c="-0.046668" m_d="0.998910" m_tx="3.446041" m_ty="-47.987736"/>
   <element name="dummy" layername="dummy-3" frame="3" z_index="39" m_a="0.786096" m_b="0.072661" m_c="-0.092040" m_d="0.995755" m_tx="6.945917" m_ty="-102.840126"/>
   <element name="dummy" layername="dummy" frame="0" z_index="35" m_a="0.999847" m_b="-0.017512" m_c="0.017512" m_d="0.999847" m_tx="5.893639" m_ty="-116.489502"/>
   <element name="swap_body" layername="swap_body" frame="0" z_index="36" m_a="0.998910" m_b="0.046668" m_c="-0.046668" m_d="0.998910" m_tx="2.365673" m_ty="-45.666695"/>
   <element name="swap_hat" layername="swap_hat" frame="0" z_index="34" m_a="0.994608" m_b="0.103702" m_c="-0.103702" m_d="0.994608" m_tx="3.005920" m_ty="-115.679649"/>
   <element name="swap_object" layername="swap_object" frame="0" z_index="40" m_a="0.993552" m_b="0.113380" m_c="-0.113380" m_d="0.993552" m_tx="89.027306" m_ty="-95.081123"/>
   <element name="lantern_overlay" layername="lantern_overlay" frame="0" z_index="33" m_a="0.993552" m_b="0.113380" m_c="-0.113380" m_d="0.993552" m_tx="89.027306" m_ty="-95.081123"/>
  </frame>
  <frame idx="75" w="519" h="1044" x="-39.225491" y="-376.540558">
   <element name="dummy" layername="dummy-2" frame="2" z_index="38" m_a="0.996989" m_b="0.077546" m_c="-0.077546" m_d="0.996989" m_tx="1.532675" m_ty="-0.053860"/>
   <element name="dummy" layername="dummy" frame="1" z_index="37" m_a="0.997549" m_b="0.069970" m_c="-0.069970" m_d="0.997549" m_tx="5.167725" m_ty="-47.915768"/>
   <element name="dummy" layername="dummy-3" frame="3" z_index="39" m_a="0.781914" m_b="0.108798" m_c="-0.137816" m_d="0.990458" m_tx="9.912902" m_ty="-102.652939"/>
   <element name="dummy" layername="dummy" frame="0" z_index="35" m_a="0.999983" m_b="0.005829" m_c="-0.005829" m_d="0.999983" m_tx="9.213489" m_ty="-116.341736"/>
   <element name="swap_body" layername="swap_body" frame="0" z_index="36" m_a="0.997549" m_b="0.069970" m_c="-0.069970" m_d="0.997549" m_tx="4.033477" m_ty="-45.620571"/>
   <element name="swap_hat" layername="swap_hat" frame="0" z_index="34" m_a="0.987883" m_b="0.155203" m_c="-0.155203" m_d="0.987883" m_tx="3.929940" m_ty="-115.882835"/>
   <element name="swap_object" layername="swap_object" frame="0" z_index="40" m_a="0.985511" m_b="0.169613" m_c="-0.169613" m_d="0.985511" m_tx="91.519508" m_ty="-91.083015"/>
   <element name="lantern_overlay" layername="lantern_overlay" frame="0" z_index="33" m_a="0.985511" m_b="0.169613" m_c="-0.169613" m_d="0.985511" m_tx="91.519516" m_ty="-91.083015"/>
  </frame>
  <frame idx="100" w="564" h="1006" x="-43.862122" y="-374.066803">
   <element name="dummy" layername="dummy-2" frame="2" z_index="38" m_a="0.998717" m_b="0.050635" m_c="-0.050635" m_d="0.998717" m_tx="0.999795" m_ty="-0.048639"/>
   <element name="dummy" layername="dummy" frame="1" z_index="37" m_a="0.999007" m_b="0.044564" m_c="-0.044564" m_d="0.999007" m_tx="3.360449" m_ty="-47.990395"/>
   <element name="dummy" layername="dummy-3" frame="3" z_index="39" m_a="0.787399" m_b="0.056829" m_c="-0.071986" m_d="0.997406" m_tx="6.771047" m_ty="-102.865974"/>
   <element name="dummy" layername="dummy" frame="0" z_index="35" m_a="0.999808" m_b="-0.019617" m_c="0.019617" m_d="0.999808" m_tx="5.663797" m_ty="-116.497154"/>
   <element name="swap_body" layername="swap_body" frame="0" z_index="36" m_a="0.999007" m_b="0.044564" m_c="-0.044564" m_d="0.999007" m_tx="2.284970" m_ty="-45.667084"/>
   <element name="swap_hat" layername="swap_hat" frame="0" z_index="34" m_a="0.994810" m_b="0.101747" m_c="-0.101747" m_d="0.994810" m_tx="2.766183" m_ty="-115.682152"/>
   <element name="swap_object" layername="swap_object" frame="0" z_index="40" m_a="0.997448" m_b="0.071400" m_c="-0.071400" m_d="0.997448" m_tx="89.047340" m_ty="-96.842598"/>
   <element name="lantern_overlay" layername="lantern_overlay" frame="0" z_index="33" m_a="0.997448" m_b="0.071400" m_c="-0.071400" m_d="0.997448" m_tx="89.047340" m_ty="-96.842598"/>
  </frame>
  <frame idx="125" w="628" h="943" x="-56.636459" y="-369.089264">
   <element name="dummy" layername="dummy-2" frame="2" z_index="38" m_a="0.999945" m_b="0.010480" m_c="-0.010480" m_d="0.999945" m_tx="0.206610" m_ty="-0.014217"/>
   <element name="dummy" layername="dummy" frame="1" z_index="37" m_a="0.999976" m_b="0.006934" m_c="-0.006934" m_d="0.999976" m_tx="0.668842" m_ty="-48.011936"/>
   <element name="dummy" layername="dummy-3" frame="3" z_index="39" m_a="0.789252" m_b="-0.017550" m_c="0.022230" m_d="0.999753" m_tx="2.090219" m_ty="-103.033157"/>
   <element name="dummy" layername="dummy" frame="0" z_index="35" m_a="0.998361" m_b="-0.057232" m_c="0.057232" m_d="0.998361" m_tx="0.392272" m_ty="-116.556847"/>
   <element name="swap_body" layername="swap_body" frame="0" z_index="36" m_a="0.999976" m_b="0.006934" m_c="-0.006934" m_d="0.999976" m_tx="-0.318436" m_ty="-45.649796"/>
   <element name="swap_hat" layername="swap_hat" frame="0" z_index="34" m_a="0.999768" m_b="0.021546" m_c="-0.021546" m_d="0.999768" m_tx="1.103850" m_ty="-115.561905"/>
   <element name="swap_object" layername="swap_object" frame="0" z_index="40" m_a="0.997792" m_b="-0.066415" m_c="0.066415" m_d="0.997792" m_tx="84.656273" m_ty="-104.957817"/>
   <element name="lantern_overlay" layername="lantern_overlay" frame="0" z_index="33" m_a="0.997792" m_b="-0.066415" m_c="0.066415" m_d="0.997792" m_tx="84.656281" m_ty="-104.957817"/>
  </frame>
  <frame idx="150" w="689" h="868" x="-77.294258" y="-361.704041">
   <element name="dummy" layername="dummy-2" frame="2" z_index="38" m_a="0.999559" m_b="-0.029693" m_c="0.029693" m_d="0.999559" m_tx="-0.584551" m_ty="0.052038"/>
   <element name="dummy" layername="dummy" frame="1" z_index="37" m_a="0.999528" m_b="-0.030707" m_c="0.030707" m_d="0.999528" m_tx="-2.021477" m_ty="-47.926445"/>
   <element name="dummy" layername="dummy-3" frame="3" z_index="39" m_a="0.784095" m_b="-0.091774" m_c="0.116251" m_d="0.993220" m_tx="-2.599079" m_ty="-103.025459"/>
   <element name="dummy" layername="dummy" frame="0" z_index="35" m_a="0.995499" m_b="-0.094767" m_c="0.094767" m_d="0.995499" m_tx="-4.877638" m_ty="-116.412384"/>
   <element name="swap_body" layername="swap_body" frame="0" z_index="36" m_a="0.999528" m_b="-0.030707" m_c="0.030707" m_d="0.999528" m_tx="-2.919153" m_ty="-45.528816"/>
   <element name="swap_hat" layername="swap_hat" frame="0" z_index="34" m_a="0.998270" m_b="-0.058793" m_c="0.058793" m_d="0.998270" m_tx="-0.558540" m_ty="-115.660820"/>
   <element name="swap_object" layername="swap_object" frame="0" z_index="40" m_a="0.979186" m_b="-0.202966" m_c="0.202966" m_d="0.979186" m_tx="79.482208" m_ty="-112.900658"/>
   <element name="lantern_overlay" layername="lantern_overlay" frame="0" z_index="33" m_a="0.979186" m_b="-0.202966" m_c="0.202966" m_d="0.979186" m_tx="79.482216" m_ty="-112.900658"/>
  </frame>
  <frame idx="175" w="694" h="863" x="-80.626373" y="-360.941162">
   <element name="dummy" layername="dummy-2" frame="2" z_index="38" m_a="0.999309" m_b="-0.037178" m_c="0.037178" m_d="0.999309" m_tx="-0.731702" m_ty="0.067900"/>
   <element name="dummy" layername="dummy" frame="1" z_index="37" m_a="0.999309" m_b="-0.037178" m_c="0.037178" m_d="0.999309" m_tx="-2.516262" m_ty="-47.898914"/>
   <element name="dummy" layername="dummy-3" frame="3" z_index="39" m_a="0.783257" m_b="-0.098666" m_c="0.124981" m_d="0.992159" m_tx="-3.447779" m_ty="-102.995728"/>
   <element name="dummy" layername="dummy" frame="0" z_index="35" m_a="0.994865" m_b="-0.101211" m_c="0.101211" m_d="0.994865" m_tx="-5.815870" m_ty="-116.364922"/>
   <element name="swap_body" layername="swap_body" frame="0" z_index="36" m_a="0.999309" m_b="-0.037178" m_c="0.037178" m_d="0.999309" m_tx="-3.398392" m_ty="-45.495525"/>
   <element name="swap_hat" layername="swap_hat" frame="0" z_index="34" m_a="0.997269" m_b="-0.073851" m_c="0.073851" m_d="0.997269" m_tx="-0.773795" m_ty="-115.708000"/>
   <element name="swap_object" layername="swap_object" frame="0" z_index="40" m_a="0.977845" m_b="-0.209328" m_c="0.209328" m_d="0.977845" m_tx="78.540451" m_ty="-113.582558"/>
   <element name="lantern_overlay" layername="lantern_overlay" frame="0" z_index="33" m_a="0.977845" m_b="-0.209328" m_c="0.209328" m_d="0.977845" m_tx="78.540459" m_ty="-113.582558"/>
  </frame>
  <frame idx="200" w="663" h="908" x="-72.435425" y="-365.421265">
   <element name="dummy" layername="dummy-2" frame="2" z_index="38" m_a="0.999738" m_b="-0.022882" m_c="0.022882" m_d="0.999738" m_tx="-0.450583" m_ty="0.038565"/>
   <element name="dummy" layername="dummy" frame="1" z_index="37" m_a="0.999738" m_b="-0.022882" m_c="0.022882" m_d="0.999738" m_tx="-1.548931" m_ty="-47.948868"/>
   <element name="dummy" layername="dummy-3" frame="3" z_index="39" m_a="0.787101" m_b="-0.060817" m_c="0.077038" m_d="0.997028" m_tx="-1.735710" m_ty="-103.015244"/>
   <element name="dummy" layername="dummy" frame="0" z_index="35" m_a="0.996211" m_b="-0.086971" m_c="0.086971" m_d="0.996211" m_tx="-3.868984" m_ty="-116.455070"/>
   <element name="swap_body" layername="swap_body" frame="0" z_index="36" m_a="0.999738" m_b="-0.022882" m_c="0.022882" m_d="0.999738" m_tx="-2.465344" m_ty="-45.558342"/>
   <element name="swap_hat" layername="swap_hat" frame="0" z_index="34" m_a="0.998966" m_b="-0.045472" m_c="0.045472" m_d="0.998966" m_tx="-0.016199" m_ty="-115.636909"/>
   <element name="swap_object" layername="swap_object" frame="0" z_index="40" m_a="0.991591" m_b="-0.129412" m_c="0.129412" m_d="0.991591" m_tx="80.614693" m_ty="-109.501198"/>
   <element name="lantern_overlay" layername="lantern_overlay" frame="0" z_index="33" m_a="0.991591" m_b="-0.129412" m_c="0.129412" m_d="0.991591" m_tx="80.614693" m_ty="-109.501198"/>
  </frame>
 </anim>
 <anim name="idle" root="dummy" numframes="100" framerate="40">
  <frame idx="0" w="603" h="971" x="-58.309521" y="-370.944427">
   <element name="dummy" layername="dummy-2" frame="2" z_index="38" m_a="1.000000" m_b="0.000000" m_c="0.000000" m_d="1.000000" m_tx="0.000000" m_ty="0.000000"/>
   <element name="dummy" layername="dummy" frame="1" z_index="37" m_a="1.000000" m_b="0.000000" m_c="0.000000" m_d="1.000000" m_tx="0.000000" m_ty="-48.000000"/>
   <element name="dummy" layername="dummy-3" frame="3" z_index="39" m_a="0.789447" m_b="0.000000" m_c="0.000000" m_d="1.000000" m_tx="1.000000" m_ty="-103.000000"/>
   <element name="dummy" layername="dummy" frame="0" z_index="35" m_a="0.997940" m_b="-0.064153" m_c="0.064153" m_d="0.997940" m_tx="-0.751880" m_ty="-116.541351"/>
   <element name="swap_body" layername="swap_body" frame="0" z_index="36" m_a="1.000000" m_b="0.000000" m_c="0.000000" m_d="1.000000" m_tx="-0.970874" m_ty="-45.631069"/>
   <element name="swap_hat" layername="swap_hat" frame="0" z_index="34" m_a="1.000000" m_b="0.000000" m_c="0.000000" m_d="1.000000" m_tx="1.189868" m_ty="-115.570473"/>
   <element name="swap_object" layername="swap_object" frame="0" z_index="40" m_a="1.000000" m_b="0.000000" m_c="0.000000" m_d="1.000000" m_tx="83.495148" m_ty="-102.912621"/>
   <element name="lantern_overlay" layername="lantern_overlay" frame="0" z_index="33" m_a="1.000000" m_b="0.000000" m_c="0.000000" m_d="1.000000" m_tx="83.495148" m_ty="-102.912621"/>
  </frame>
  <frame idx="25" w="603" h="971" x="-58.309521" y="-370.944427">
   <element name="dummy" layername="dummy-2" frame="2" z_index="38" m_a="1.000000" m_b="0.000000" m_c="0.000000" m_d="1.000000" m_tx="0.000000" m_ty="0.000000"/>
   <element name="dummy" layername="dummy" frame="1" z_index="37" m_a="1.000000" m_b="0.000000" m_c="0.000000" m_d="1.000000" m_tx="0.000000" m_ty="-48.000000"/>
   <element name="dummy" layername="dummy-3" frame="3" z_index="39" m_a="0.789447" m_b="0.000000" m_c="0.000000" m_d="1.000000" m_tx="1.000000" m_ty="-103.000000"/>
   <element name="dummy" layername="dummy" frame="0" z_index="35" m_a="0.997940" m_b="-0.064153" m_c="0.064153" m_d="0.997940" m_tx="-0.751880" m_ty="-116.541351"/>
   <element name="swap_body" layername="swap_body" frame="0" z_index="36" m_a="1.000000" m_b="0.000000" m_c="0.000000" m_d="1.000000" m_tx="-0.970874" m_ty="-45.631069"/>
   <element name="swap_hat" layername="swap_hat" frame="0" z_index="34" m_a="1.000000" m_b="0.000000" m_c="0.000000" m_d="1.000000" m_tx="1.189868" m_ty="-115.570473"/>
   <element name="swap_object" layername="swap_object" frame="0" z_index="40" m_a="1.000000" m_b="0.000000" m_c="0.000000" m_d="1.000000" m_tx="83.495148" m_ty="-102.912621"/>
   <element name="lantern_overlay" layername="lantern_overlay" frame="0" z_index="33" m_a="1.000000" m_b="0.000000" m_c="0.000000" m_d="1.000000" m_tx="83.495148" m_ty="-102.912621"/>
  </frame>
  <frame idx="50" w="603" h="971" x="-58.309521" y="-370.944427">
   <element name="dummy" layername="dummy-2" frame="2" z_index="38" m_a="1.000000" m_b="0.000000" m_c="0.000000" m_d="1.000000" m_tx="0.000000" m_ty="0.000000"/>
   <element name="dummy" layername="dummy" frame="1" z_index="37" m_a="1.000000" m_b="0.000000" m_c="0.000000" m_d="1.000000" m_tx="0.000000" m_ty="-48.000000"/>
   <element name="dummy" layername="dummy-3" frame="3" z_index="39" m_a="0.789447" m_b="0.000000" m_c="0.000000" m_d="1.000000" m_tx="1.000000" m_ty="-103.000000"/>
   <element name="dummy" layername="dummy" frame="0" z_index="35" m_a="0.997940" m_b="-0.064153" m_c="0.064153" m_d="0.997940" m_tx="-0.751880" m_ty="-116.541351"/>
   <element name="swap_body" layername="swap_body" frame="0" z_index="36" m_a="1.000000" m_b="0.000000" m_c="0.000000" m_d="1.000000" m_tx="-0.970874" m_ty="-45.631069"/>
   <element name="swap_hat" layername="swap_hat" frame="0" z_index="34" m_a="1.000000" m_b="0.000000" m_c="0.000000" m_d="1.000000" m_tx="1.189868" m_ty="-115.570473"/>
   <element name="swap_object" layername="swap_object" frame="0" z_index="40" m_a="1.000000" m_b="0.000000" m_c="0.000000" m_d="1.000000" m_tx="83.495148" m_ty="-102.912621"/>
   <element name="lantern_overlay" layername="lantern_overlay" frame="0" z_index="33" m_a="1.000000" m_b="0.000000" m_c="0.000000" m_d="1.000000" m_tx="83.495148" m_ty="-102.912621"/>
  </frame>
  <frame idx="75" w="603" h="971" x="-58.309521" y="-370.944427">
   <element name="dummy" layername="dummy-2" frame="2" z_index="38" m_a="1.000000" m_b="0.000000" m_c="0.000000" m_d="1.000000" m_tx="0.000000" m_ty="0.000000"/>
   <element name="dummy" layername="dummy" frame="1" z_index="37" m_a="1.000000" m_b="0.000000" m_c="0.000000" m_d="1.000000" m_tx="0.000000" m_ty="-48.000000"/>
   <element name="dummy" layername="dummy-3" frame="3" z_index="39" m_a="0.789447" m_b="0.000000" m_c="0.000000" m_d="1.000000" m_tx="1.000000" m_ty="-103.000000"/>
   <element name="dummy" layername="dummy" frame="0" z_index="35" m_a="0.997940" m_b="-0.064153" m_c="0.064153" m_d="0.997940" m_tx="-0.751880" m_ty="-116.541351"/>
   <element name="swap_body" layername="swap_body" frame="0" z_index="36" m_a="1.000000" m_b="0.000000" m_c="0.000000" m_d="1.000000" m_tx="-0.970874" m_ty="-45.631069"/>
   <element name="swap_hat" layername="swap_hat" frame="0" z_index="34" m_a="1.000000" m_b="0.000000" m_c="0.000000" m_d="1.000000" m_tx="1.189868" m_ty="-115.570473"/>
   <element name="swap_object" layername="swap_object" frame="0" z_index="40" m_a="1.000000" m_b="0.000000" m_c="0.000000" m_d="1.000000" m_tx="83.495148" m_ty="-102.912621"/>
   <element name="lantern_overlay" layername="lantern_overlay" frame="0" z_index="33" m_a="1.000000" m_b="0.000000" m_c="0.000000" m_d="1.000000" m_tx="83.495148" m_ty="-102.912621"/>
  </frame>
 </anim>
 <anim name="place" root="dummy" numframes="500" framerate="40">
  <frame idx="0" w="55" h="248" x="-4.648946" y="-94.116409">
   <element name="dummy" layername="dummy-2" frame="2" z_index="40" m_a="0.351031" m_b="0.000000" m_c="0.000000" m_d="1.278966" m_tx="0.000000" m_ty="-44.339622"/>
  </frame>
  <frame idx="25" w="111" h="197" x="-8.775952" y="-63.885109">
   <element name="dummy" layername="dummy-2" frame="2" z_index="40" m_a="0.724001" m_b="0.000000" m_c="0.000000" m_d="1.120678" m_tx="0.000000" m_ty="-22.169811"/>
  </frame>
  <frame idx="50" w="167" h="147" x="-12.902958" y="-34.153816">
   <element name="dummy" layername="dummy-2" frame="2" z_index="40" m_a="1.096971" m_b="0.000000" m_c="0.000000" m_d="0.962390" m_tx="0.000000" m_ty="0.000000"/>
  </frame>
  <frame idx="75" w="160" h="149" x="-12.444766" y="-34.518631">
   <element name="dummy" layername="dummy-2" frame="2" z_index="40" m_a="1.055166" m_b="0.000000" m_c="0.000000" m_d="0.978604" m_tx="0.000000" m_ty="0.000000"/>
  </frame>
  <frame idx="100" w="155" h="304" x="-12.330330" y="-174.286270">
   <element name="dummy" layername="dummy-2" frame="2" z_index="40" m_a="1.013360" m_b="0.000000" m_c="0.000000" m_d="0.994818" m_tx="0.000000" m_ty="0.000000"/>
   <element name="dummy" layername="dummy" frame="1" z_index="39" m_a="0.372043" m_b="0.000000" m_c="0.000000" m_d="0.378819" m_tx="0.361207" m_ty="-133.849060"/>
   <element name="swap_body" layername="swap_body" frame="0" z_index="38" m_a="0.372043" m_b="0.000000" m_c="0.000000" m_d="0.378819" m_tx="0.000000" m_ty="-132.951660"/>
  </frame>
  <frame idx="125" w="154" h="267" x="-12.250612" y="-140.608643">
   <element name="dummy" layername="dummy-2" frame="2" z_index="40" m_a="1.012525" m_b="0.000000" m_c="0.000000" m_d="0.995142" m_tx="0.000000" m_ty="0.000000"/>
   <element name="dummy" layername="dummy" frame="1" z_index="39" m_a="0.686022" m_b="0.000000" m_c="0.000000" m_d="0.689409" m_tx="0.180604" m_ty="-90.924530"/>
   <element name="swap_body" layername="swap_body" frame="0" z_index="38" m_a="0.686022" m_b="0.000000" m_c="0.000000" m_d="0.689409" m_tx="-0.485437" m_ty="-89.291367"/>
  </frame>
  <frame idx="150" w="154" h="261" x="-12.170894" y="-109.431000">
   <element name="dummy" layername="dummy-2" frame="2" z_index="40" m_a="1.011690" m_b="0.000000" m_c="0.000000" m_d="0.995466" m_tx="0.000000" m_ty="0.000000"/>
   <element name="dummy" layername="dummy" frame="1" z_index="39" m_a="1.000000" m_b="0.000000" m_c="0.000000" m_d="1.000000" m_tx="0.000000" m_ty="-48.000000"/>
   <element name="swap_body" layername="swap_body" frame="0" z_index="38" m_a="1.000000" m_b="0.000000" m_c="0.000000" m_d="1.000000" m_tx="-0.970874" m_ty="-45.631069"/>
  </frame>
  <frame idx="175" w="154" h="245" x="-12.122752" y="-104.803871">
   <element name="dummy" layername="dummy-2" frame="2" z_index="40" m_a="1.010855" m_b="0.000000" m_c="0.000000" m_d="0.995790" m_tx="0.000000" m_ty="0.000000"/>
   <element name="dummy" layername="dummy" frame="1" z_index="39" m_a="1.058065" m_b="0.000000" m_c="0.000000" m_d="0.920694" m_tx="0.000000" m_ty="-48.000000"/>
   <element name="swap_body" layername="swap_body" frame="0" z_index="38" m_a="1.058065" m_b="0.000000" m_c="0.000000" m_d="0.920694" m_tx="-1.027248" m_ty="-45.818939"/>
  </frame>
  <frame idx="200" w="154" h="229" x="-12.074610" y="-100.676727">
   <element name="dummy" layername="dummy-2" frame="2" z_index="40" m_a="1.010020" m_b="0.000000" m_c="0.000000" m_d="0.996113" m_tx="0.000000" m_ty="0.000000"/>
   <element name="dummy" layername="dummy" frame="1" z_index="39" m_a="1.116130" m_b="0.000000" m_c="0.000000" m_d="0.841387" m_tx="0.000000" m_ty="-48.000000"/>
   <element name="swap_body" layername="swap_body" frame="0" z_index="38" m_a="1.116130" m_b="0.000000" m_c="0.000000" m_d="0.841387" m_tx="-1.083622" m_ty="-46.006809"/>
  </frame>
  <frame idx="225" w="154" h="245" x="-12.122752" y="-104.803871">
   <element name="dummy" layername="dummy-2" frame="2" z_index="40" m_a="1.009185" m_b="0.000000" m_c="0.000000" m_d="0.996437" m_tx="0.000000" m_ty="0.000000"/>
   <element name="dummy" layername="dummy" frame="1" z_index="39" m_a="1.058065" m_b="0.000000" m_c="0.000000" m_d="0.920694" m_tx="0.000000" m_ty="-48.000000"/>
   <element name="swap_body" layername="swap_body" frame="0" z_index="38" m_a="1.058065" m_b="0.000000" m_c="0.000000" m_d="0.920694" m_tx="-1.027248" m_ty="-45.818939"/>
  </frame>
  <frame idx="250" w="154" h="261" x="-12.170894" y="-109.431000">
   <element name="dummy" layername="dummy-2" frame="2" z_index="40" m_a="1.008350" m_b="0.000000" m_c="0.000000" m_d="0.996761" m_tx="0.000000" m_ty="0.000000"/>
   <element name="dummy" layername="dummy" frame="1" z_index="39" m_a="1.000000" m_b="0.000000" m_c="0.000000" m_d="1.000000" m_tx="0.000000" m_ty="-48.000000"/>
   <element name="swap_body" layername="swap_body" frame="0" z_index="38" m_a="1.000000" m_b="0.000000" m_c="0.000000" m_d="1.000000" m_tx="-0.970874" m_ty="-45.631069"/>
  </frame>
  <frame idx="275" w="154" h="261" x="-12.170894" y="-109.431000">
   <element name="dummy" layername="dummy-2" frame="2" z_index="40" m_a="1.007515" m_b="0.000000" m_c="0.000000" m_d="0.997085" m_tx="0.000000" m_ty="0.000000"/>
   <element name="dummy" layername="dummy" frame="1" z_index="39" m_a="1.000000" m_b="0.000000" m_c="0.000000" m_d="1.000000" m_tx="0.000000" m_ty="-48.000000"/>
   <element name="swap_body" layername="swap_body" frame="0" z_index="38" m_a="1.000000" m_b="0.000000" m_c="0.000000" m_d="1.000000" m_tx="-0.970874" m_ty="-45.631069"/>
  </frame>
  <frame idx="300" w="244" h="813" x="-25.536163" y="-480.344513">
   <element name="dummy" layername="dummy-2" frame="2" z_index="40" m_a="1.006680" m_b="0.000000" m_c="0.000000" m_d="0.997409" m_tx="0.000000" m_ty="0.000000"/>
   <element name="dummy" layername="dummy" frame="1" z_index="37" m_a="1.000000" m_b="0.000000" m_c="0.000000" m_d="1.000000" m_tx="0.000000" m_ty="-48.000000"/>
   <element name="dummy" layername="dummy-3" frame="3" z_index="39" m_a="0.295444" m_b="0.000000" m_c="0.000000" m_d="0.559176" m_tx="1.102384" m_ty="-243.646484"/>
   <element name="dummy" layername="dummy" frame="0" z_index="35" m_a="0.711860" m_b="-0.045762" m_c="0.044168" m_d="0.687065" m_tx="0.000000" m_ty="-292.956451"/>
   <element name="swap_body" layername="swap_body" frame="0" z_index="36" m_a="1.000000" m_b="0.000000" m_c="0.000000" m_d="1.000000" m_tx="-0.970874" m_ty="-45.631069"/>
   <element name="swap_hat" layername="swap_hat" frame="0" z_index="34" m_a="0.713329" m_b="0.000000" m_c="0.000000" m_d="0.688483" m_tx="1.383363" m_ty="-292.291016"/>
   <element name="swap_object" layername="swap_object" frame="0" z_index="40" m_a="0.374242" m_b="0.000000" m_c="0.000000" m_d="0.559176" m_tx="31.975517" m_ty="-243.597626"/>
   <element name="lantern_overlay" layername="lantern_overlay" frame="0" z_index="33" m_a="0.374213" m_b="0.004507" m_c="-0.006734" m_d="0.559139" m_tx="31.975519" m_ty="-243.597626"/>
  </frame>
  <frame idx="325" w="392" h="873" x="-39.422844" y="-424.144470">
   <element name="dummy" layername="dummy-2" frame="2" z_index="40" m_a="1.005845" m_b="0.000000" m_c="0.000000" m_d="0.997733" m_tx="0.000000" m_ty="0.000000"/>
   <element name="dummy" layername="dummy" frame="1" z_index="37" m_a="1.000000" m_b="0.000000" m_c="0.000000" m_d="1.000000" m_tx="0.000000" m_ty="-48.000000"/>
   <element name="dummy" layername="dummy-3" frame="3" z_index="39" m_a="0.357195" m_b="0.000000" m_c="0.000000" m_d="0.614279" m_tx="2.466286" m_ty="-199.030792"/>
   <element name="dummy" layername="dummy" frame="0" z_index="35" m_a="0.854900" m_b="-0.054958" m_c="0.054161" m_d="0.842502" m_tx="-0.375940" m_ty="-204.748901"/>
   <element name="swap_body" layername="swap_body" frame="0" z_index="36" m_a="1.000000" m_b="0.000000" m_c="0.000000" m_d="1.000000" m_tx="-0.970874" m_ty="-45.631069"/>
   <element name="swap_hat" layername="swap_hat" frame="0" z_index="34" m_a="0.856665" m_b="0.000000" m_c="0.000000" m_d="0.844241" m_tx="1.286615" m_ty="-203.930740"/>
   <element name="swap_object" layername="swap_object" frame="0" z_index="40" m_a="0.452462" m_b="0.000000" m_c="0.000000" m_d="0.614279" m_tx="39.792171" m_ty="-198.977112"/>
   <element name="lantern_overlay" layername="lantern_overlay" frame="0" z_index="33" m_a="0.687070" m_b="0.008275" m_c="-0.009388" m_d="0.779533" m_tx="39.792175" m_ty="-198.977112"/>
  </frame>
  <frame idx="350" w="555" h="933" x="-54.309521" y="-367.944427">
   <element name="dummy" layername="dummy-2" frame="2" z_index="40" m_a="1.005010" m_b="0.000000" m_c="0.000000" m_d="0.998057" m_tx="0.000000" m_ty="0.000000"/>
   <element name="dummy" layername="dummy" frame="1" z_index="37" m_a="1.000000" m_b="0.000000" m_c="0.000000" m_d="1.000000" m_tx="0.000000" m_ty="-48.000000"/>
   <element name="dummy" layername="dummy-3" frame="3" z_index="39" m_a="0.418945" m_b="0.000000" m_c="0.000000" m_d="0.669382" m_tx="3.830189" m_ty="-154.415100"/>
   <element name="dummy" layername="dummy" frame="0" z_index="35" m_a="0.997940" m_b="-0.064153" m_c="0.064153" m_d="0.997940" m_tx="-0.751880" m_ty="-116.541351"/>
   <element name="swap_body" layername="swap_body" frame="0" z_index="36" m_a="1.000000" m_b="0.000000" m_c="0.000000" m_d="1.000000" m_tx="-0.970874" m_ty="-45.631069"/>
   <element name="swap_hat" layername="swap_hat" frame="0" z_index="34" m_a="1.000000" m_b="0.000000" m_c="0.000000" m_d="1.000000" m_tx="1.189868" m_ty="-115.570473"/>
   <element name="swap_object" layername="swap_object" frame="0" z_index="40" m_a="0.530681" m_b="0.000000" m_c="0.000000" m_d="0.669382" m_tx="47.608826" m_ty="-154.356598"/>
   <element name="lantern_overlay" layername="lantern_overlay" frame="0" z_index="33" m_a="0.999927" m_b="0.012043" m_c="-0.012043" m_d="0.999927" m_tx="47.608829" m_ty="-154.356598"/>
  </frame>
  <frame idx="375" w="580" h="955" x="-56.517509" y="-367.421448">
   <element name="dummy" layername="dummy-2" frame="2" z_index="40" m_a="1.004175" m_b="0.000000" m_c="0.000000" m_d="0.998381" m_tx="0.000000" m_ty="0.000000"/>
   <element name="dummy" layername="dummy" frame="1" z_index="37" m_a="1.000000" m_b="0.000000" m_c="0.000000" m_d="1.000000" m_tx="0.000000" m_ty="-48.000000"/>
   <element name="dummy" layername="dummy-3" frame="3" z_index="39" m_a="0.626737" m_b="0.000000" m_c="0.000000" m_d="0.773553" m_tx="2.415094" m_ty="-128.707550"/>
   <element name="dummy" layername="dummy" frame="0" z_index="35" m_a="1.026917" m_b="-0.066016" m_c="0.063218" m_d="0.983390" m_tx="-0.751880" m_ty="-116.541351"/>
   <element name="swap_body" layername="swap_body" frame="0" z_index="36" m_a="1.000000" m_b="0.000000" m_c="0.000000" m_d="1.000000" m_tx="-0.970874" m_ty="-45.631069"/>
   <element name="swap_hat" layername="swap_hat" frame="0" z_index="34" m_a="1.029037" m_b="0.000000" m_c="0.000000" m_d="0.985420" m_tx="1.243190" m_ty="-115.589874"/>
   <element name="swap_object" layername="swap_object" frame="0" z_index="40" m_a="0.793893" m_b="0.000000" m_c="0.000000" m_d="0.773553" m_tx="67.907394" m_ty="-128.639954"/>
   <element name="lantern_overlay" layername="lantern_overlay" frame="0" z_index="33" m_a="0.999927" m_b="0.012043" m_c="-0.012043" m_d="0.999927" m_tx="67.907394" m_ty="-128.639954"/>
  </frame>
  <frame idx="400" w="604" h="975" x="-58.725502" y="-366.398468">
   <element name="dummy" layername="dummy-2" frame="2" z_index="40" m_a="1.003340" m_b="0.000000" m_c="0.000000" m_d="0.998704" m_tx="0.000000" m_ty="0.000000"/>
   <element name="dummy" layername="dummy" frame="1" z_index="37" m_a="1.000000" m_b="0.000000" m_c="0.000000" m_d="1.000000" m_tx="0.000000" m_ty="-48.000000"/>
   <element name="dummy" layername="dummy-3" frame="3" z_index="39" m_a="0.834528" m_b="0.000000" m_c="0.000000" m_d="0.877725" m_tx="1.000000" m_ty="-103.000000"/>
   <element name="dummy" layername="dummy" frame="0" z_index="35" m_a="1.055893" m_b="-0.067879" m_c="0.062283" m_d="0.968840" m_tx="-0.751880" m_ty="-116.541351"/>
   <element name="swap_body" layername="swap_body" frame="0" z_index="36" m_a="1.000000" m_b="0.000000" m_c="0.000000" m_d="1.000000" m_tx="-0.970874" m_ty="-45.631069"/>
   <element name="swap_hat" layername="swap_hat" frame="0" z_index="34" m_a="1.058073" m_b="0.000000" m_c="0.000000" m_d="0.970840" m_tx="1.296511" m_ty="-115.609283"/>
   <element name="swap_object" layername="swap_object" frame="0" z_index="40" m_a="1.057104" m_b="0.000000" m_c="0.000000" m_d="0.877725" m_tx="88.205956" m_ty="-102.923302"/>
   <element name="lantern_overlay" layername="lantern_overlay" frame="0" z_index="33" m_a="0.999927" m_b="0.012043" m_c="-0.012043" m_d="0.999927" m_tx="88.205963" m_ty="-102.923302"/>
  </frame>
  <frame idx="425" w="602" h="976" x="-58.517509" y="-368.921448">
   <element name="dummy" layername="dummy-2" frame="2" z_index="40" m_a="1.002505" m_b="0.000000" m_c="0.000000" m_d="0.999028" m_tx="0.000000" m_ty="0.000000"/>
   <element name="dummy" layername="dummy" frame="1" z_index="37" m_a="1.000000" m_b="0.000000" m_c="0.000000" m_d="1.000000" m_tx="0.000000" m_ty="-48.000000"/>
   <element name="dummy" layername="dummy-3" frame="3" z_index="39" m_a="0.811988" m_b="0.000000" m_c="0.000000" m_d="0.938863" m_tx="1.000000" m_ty="-103.000000"/>
   <element name="dummy" layername="dummy" frame="0" z_index="35" m_a="1.026917" m_b="-0.066016" m_c="0.063218" m_d="0.983390" m_tx="-0.751880" m_ty="-116.541351"/>
   <element name="swap_body" layername="swap_body" frame="0" z_index="36" m_a="1.000000" m_b="0.000000" m_c="0.000000" m_d="1.000000" m_tx="-0.970874" m_ty="-45.631069"/>
   <element name="swap_hat" layername="swap_hat" frame="0" z_index="34" m_a="1.029037" m_b="0.000000" m_c="0.000000" m_d="0.985420" m_tx="1.243190" m_ty="-115.589874"/>
   <element name="swap_object" layername="swap_object" frame="0" z_index="40" m_a="1.028552" m_b="0.000000" m_c="0.000000" m_d="0.938863" m_tx="85.850555" m_ty="-102.917961"/>
   <element name="lantern_overlay" layername="lantern_overlay" frame="0" z_index="33" m_a="0.999927" m_b="0.012043" m_c="-0.012043" m_d="0.999927" m_tx="85.850555" m_ty="-102.917961"/>
  </frame>
  <frame idx="450" w="598" h="976" x="-57.809521" y="-371.444427">
   <element name="dummy" layername="dummy-2" frame="2" z_index="40" m_a="1.001670" m_b="0.000000" m_c="0.000000" m_d="0.999352" m_tx="0.000000" m_ty="0.000000"/>
   <element name="dummy" layername="dummy" frame="1" z_index="37" m_a="1.000000" m_b="0.000000" m_c="0.000000" m_d="1.000000" m_tx="0.000000" m_ty="-48.000000"/>
   <element name="dummy" layername="dummy-3" frame="3" z_index="39" m_a="0.789447" m_b="0.000000" m_c="0.000000" m_d="1.000000" m_tx="1.000000" m_ty="-103.000000"/>
   <element name="dummy" layername="dummy" frame="0" z_index="35" m_a="0.997940" m_b="-0.064153" m_c="0.064153" m_d="0.997940" m_tx="-0.751880" m_ty="-116.541351"/>
   <element name="swap_body" layername="swap_body" frame="0" z_index="36" m_a="1.000000" m_b="0.000000" m_c="0.000000" m_d="1.000000" m_tx="-0.970874" m_ty="-45.631069"/>
   <element name="swap_hat" layername="swap_hat" frame="0" z_index="34" m_a="1.000000" m_b="0.000000" m_c="0.000000" m_d="1.000000" m_tx="1.189868" m_ty="-115.570473"/>
   <element name="swap_object" layername="swap_object" frame="0" z_index="40" m_a="1.000000" m_b="0.000000" m_c="0.000000" m_d="1.000000" m_tx="83.495148" m_ty="-102.912621"/>
   <element name="lantern_overlay" layername="lantern_overlay" frame="0" z_index="33" m_a="0.999927" m_b="0.012043" m_c="-0.012043" m_d="0.999927" m_tx="83.495148" m_ty="-102.912621"/>
  </frame>
  <frame idx="475" w="598" h="976" x="-57.809521" y="-371.444427">
   <element name="dummy" layername="dummy-2" frame="2" z_index="40" m_a="1.000835" m_b="0.000000" m_c="0.000000" m_d="0.999676" m_tx="0.000000" m_ty="0.000000"/>
   <element name="dummy" layername="dummy" frame="1" z_index="37" m_a="1.000000" m_b="0.000000" m_c="0.000000" m_d="1.000000" m_tx="0.000000" m_ty="-48.000000"/>
   <element name="dummy" layername="dummy-3" frame="3" z_index="39" m_a="0.789447" m_b="0.000000" m_c="0.000000" m_d="1.000000" m_tx="1.000000" m_ty="-103.000000"/>
   <element name="dummy" layername="dummy" frame="0" z_index="35" m_a="0.997940" m_b="-0.064153" m_c="0.064153" m_d="0.997940" m_tx="-0.751880" m_ty="-116.541351"/>
   <element name="swap_body" layername="swap_body" frame="0" z_index="36" m_a="1.000000" m_b="0.000000" m_c="0.000000" m_d="1.000000" m_tx="-0.970874" m_ty="-45.631069"/>
   <element name="swap_hat" layername="swap_hat" frame="0" z_index="34" m_a="1.000000" m_b="0.000000" m_c="0.000000" m_d="1.000000" m_tx="1.189868" m_ty="-115.570473"/>
   <element name="swap_object" layername="swap_object" frame="0" z_index="40" m_a="1.000000" m_b="0.000000" m_c="0.000000" m_d="1.000000" m_tx="83.495148" m_ty="-102.912621"/>
   <element name="lantern_overlay" layername="lantern_overlay" frame="0" z_index="33" m_a="0.999927" m_b="0.012043" m_c="-0.012043" m_d="0.999927" m_tx="83.495148" m_ty="-102.912621"/>
  </frame>
 </anim>
</Anims>
